frame,file_loc,category,sub_index,folder,bbox
0,004a_Positive X (Fish Front)/cropped/image_0_0.png,cropped,0,004a_Positive X (Fish Front),"[494, 161, 531, 331]"
0,004a_Positive X (Fish Front)/mask/image_0_0_mask.png,mask,0,004a_Positive X (Fish Front),"[494, 161, 531, 331]"
0,004a_Positive X (Fish Front)/mask_full/image_0_0_mask_full.png,mask_full,0,004a_Positive X (Fish Front),"[494, 161, 531, 331]"
0,004a_Positive X (Fish Front)/bbox-masked_image/image_0_0_bbox-masked.png,bbox-masked,0,004a_Positive X (Fish Front),"[494, 161, 531, 331]"
1,004a_Positive X (Fish Front)/cropped/image_1_0.png,cropped,0,004a_Positive X (Fish Front),"[498, 160, 530, 331]"
1,004a_Positive X (Fish Front)/mask/image_1_0_mask.png,mask,0,004a_Positive X (Fish Front),"[498, 160, 530, 331]"
1,004a_Positive X (Fish Front)/mask_full/image_1_0_mask_full.png,mask_full,0,004a_Positive X (Fish Front),"[498, 160, 530, 331]"
1,004a_Positive X (Fish Front)/bbox-masked_image/image_1_0_bbox-masked.png,bbox-masked,0,004a_Positive X (Fish Front),"[498, 160, 530, 331]"
1,004a_Positive X (Fish Front)/cropped/image_1_1.png,cropped,1,004a_Positive X (Fish Front),"[499, 239, 529, 331]"
1,004a_Positive X (Fish Front)/mask/image_1_1_mask.png,mask,1,004a_Positive X (Fish Front),"[499, 239, 529, 331]"
1,004a_Positive X (Fish Front)/mask_full/image_1_1_mask_full.png,mask_full,1,004a_Positive X (Fish Front),"[499, 239, 529, 331]"
1,004a_Positive X (Fish Front)/bbox-masked_image/image_1_1_bbox-masked.png,bbox-masked,1,004a_Positive X (Fish Front),"[499, 239, 529, 331]"
2,004a_Positive X (Fish Front)/cropped/image_2_0.png,cropped,0,004a_Positive X (Fish Front),"[500, 161, 529, 331]"
2,004a_Positive X (Fish Front)/mask/image_2_0_mask.png,mask,0,004a_Positive X (Fish Front),"[500, 161, 529, 331]"
2,004a_Positive X (Fish Front)/mask_full/image_2_0_mask_full.png,mask_full,0,004a_Positive X (Fish Front),"[500, 161, 529, 331]"
2,004a_Positive X (Fish Front)/bbox-masked_image/image_2_0_bbox-masked.png,bbox-masked,0,004a_Positive X (Fish Front),"[500, 161, 529, 331]"
3,004a_Positive X (Fish Front)/cropped/image_3_0.png,cropped,0,004a_Positive X (Fish Front),"[499, 161, 537, 331]"
3,004a_Positive X (Fish Front)/mask/image_3_0_mask.png,mask,0,004a_Positive X (Fish Front),"[499, 161, 537, 331]"
3,004a_Positive X (Fish Front)/mask_full/image_3_0_mask_full.png,mask_full,0,004a_Positive X (Fish Front),"[499, 161, 537, 331]"
3,004a_Positive X (Fish Front)/bbox-masked_image/image_3_0_bbox-masked.png,bbox-masked,0,004a_Positive X (Fish Front),"[499, 161, 537, 331]"
3,004a_Positive X (Fish Front)/cropped/image_3_1.png,cropped,1,004a_Positive X (Fish Front),"[499, 234, 537, 331]"
3,004a_Positive X (Fish Front)/mask/image_3_1_mask.png,mask,1,004a_Positive X (Fish Front),"[499, 234, 537, 331]"
3,004a_Positive X (Fish Front)/mask_full/image_3_1_mask_full.png,mask_full,1,004a_Positive X (Fish Front),"[499, 234, 537, 331]"
3,004a_Positive X (Fish Front)/bbox-masked_image/image_3_1_bbox-masked.png,bbox-masked,1,004a_Positive X (Fish Front),"[499, 234, 537, 331]"
4,004a_Positive X (Fish Front)/cropped/image_4_0.png,cropped,0,004a_Positive X (Fish Front),"[497, 162, 558, 331]"
4,004a_Positive X (Fish Front)/mask/image_4_0_mask.png,mask,0,004a_Positive X (Fish Front),"[497, 162, 558, 331]"
4,004a_Positive X (Fish Front)/mask_full/image_4_0_mask_full.png,mask_full,0,004a_Positive X (Fish Front),"[497, 162, 558, 331]"
4,004a_Positive X (Fish Front)/bbox-masked_image/image_4_0_bbox-masked.png,bbox-masked,0,004a_Positive X (Fish Front),"[497, 162, 558, 331]"
5,004a_Positive X (Fish Front)/cropped/image_5_0.png,cropped,0,004a_Positive X (Fish Front),"[494, 165, 576, 331]"
5,004a_Positive X (Fish Front)/mask/image_5_0_mask.png,mask,0,004a_Positive X (Fish Front),"[494, 165, 576, 331]"
5,004a_Positive X (Fish Front)/mask_full/image_5_0_mask_full.png,mask_full,0,004a_Positive X (Fish Front),"[494, 165, 576, 331]"
5,004a_Positive X (Fish Front)/bbox-masked_image/image_5_0_bbox-masked.png,bbox-masked,0,004a_Positive X (Fish Front),"[494, 165, 576, 331]"
6,004a_Positive X (Fish Front)/cropped/image_6_0.png,cropped,0,004a_Positive X (Fish Front),"[494, 167, 595, 332]"
6,004a_Positive X (Fish Front)/mask/image_6_0_mask.png,mask,0,004a_Positive X (Fish Front),"[494, 167, 595, 332]"
6,004a_Positive X (Fish Front)/mask_full/image_6_0_mask_full.png,mask_full,0,004a_Positive X (Fish Front),"[494, 167, 595, 332]"
6,004a_Positive X (Fish Front)/bbox-masked_image/image_6_0_bbox-masked.png,bbox-masked,0,004a_Positive X (Fish Front),"[494, 167, 595, 332]"
7,004a_Positive X (Fish Front)/cropped/image_7_0.png,cropped,0,004a_Positive X (Fish Front),"[494, 175, 617, 339]"
7,004a_Positive X (Fish Front)/mask/image_7_0_mask.png,mask,0,004a_Positive X (Fish Front),"[494, 175, 617, 339]"
7,004a_Positive X (Fish Front)/mask_full/image_7_0_mask_full.png,mask_full,0,004a_Positive X (Fish Front),"[494, 175, 617, 339]"
7,004a_Positive X (Fish Front)/bbox-masked_image/image_7_0_bbox-masked.png,bbox-masked,0,004a_Positive X (Fish Front),"[494, 175, 617, 339]"
8,004a_Positive X (Fish Front)/cropped/image_8_0.png,cropped,0,004a_Positive X (Fish Front),"[493, 183, 631, 350]"
8,004a_Positive X (Fish Front)/mask/image_8_0_mask.png,mask,0,004a_Positive X (Fish Front),"[493, 183, 631, 350]"
8,004a_Positive X (Fish Front)/mask_full/image_8_0_mask_full.png,mask_full,0,004a_Positive X (Fish Front),"[493, 183, 631, 350]"
8,004a_Positive X (Fish Front)/bbox-masked_image/image_8_0_bbox-masked.png,bbox-masked,0,004a_Positive X (Fish Front),"[493, 183, 631, 350]"
9,004a_Positive X (Fish Front)/cropped/image_9_0.png,cropped,0,004a_Positive X (Fish Front),"[492, 187, 637, 362]"
9,004a_Positive X (Fish Front)/mask/image_9_0_mask.png,mask,0,004a_Positive X (Fish Front),"[492, 187, 637, 362]"
9,004a_Positive X (Fish Front)/mask_full/image_9_0_mask_full.png,mask_full,0,004a_Positive X (Fish Front),"[492, 187, 637, 362]"
9,004a_Positive X (Fish Front)/bbox-masked_image/image_9_0_bbox-masked.png,bbox-masked,0,004a_Positive X (Fish Front),"[492, 187, 637, 362]"
10,004a_Positive X (Fish Front)/cropped/image_10_0.png,cropped,0,004a_Positive X (Fish Front),"[488, 197, 636, 370]"
10,004a_Positive X (Fish Front)/mask/image_10_0_mask.png,mask,0,004a_Positive X (Fish Front),"[488, 197, 636, 370]"
10,004a_Positive X (Fish Front)/mask_full/image_10_0_mask_full.png,mask_full,0,004a_Positive X (Fish Front),"[488, 197, 636, 370]"
10,004a_Positive X (Fish Front)/bbox-masked_image/image_10_0_bbox-masked.png,bbox-masked,0,004a_Positive X (Fish Front),"[488, 197, 636, 370]"
11,004a_Positive X (Fish Front)/cropped/image_11_0.png,cropped,0,004a_Positive X (Fish Front),"[481, 206, 636, 379]"
11,004a_Positive X (Fish Front)/mask/image_11_0_mask.png,mask,0,004a_Positive X (Fish Front),"[481, 206, 636, 379]"
11,004a_Positive X (Fish Front)/mask_full/image_11_0_mask_full.png,mask_full,0,004a_Positive X (Fish Front),"[481, 206, 636, 379]"
11,004a_Positive X (Fish Front)/bbox-masked_image/image_11_0_bbox-masked.png,bbox-masked,0,004a_Positive X (Fish Front),"[481, 206, 636, 379]"
12,004a_Positive X (Fish Front)/cropped/image_12_0.png,cropped,0,004a_Positive X (Fish Front),"[475, 216, 631, 342]"
12,004a_Positive X (Fish Front)/mask/image_12_0_mask.png,mask,0,004a_Positive X (Fish Front),"[475, 216, 631, 342]"
12,004a_Positive X (Fish Front)/mask_full/image_12_0_mask_full.png,mask_full,0,004a_Positive X (Fish Front),"[475, 216, 631, 342]"
12,004a_Positive X (Fish Front)/bbox-masked_image/image_12_0_bbox-masked.png,bbox-masked,0,004a_Positive X (Fish Front),"[475, 216, 631, 342]"
13,004a_Positive X (Fish Front)/cropped/image_13_0.png,cropped,0,004a_Positive X (Fish Front),"[385, 227, 614, 395]"
13,004a_Positive X (Fish Front)/mask/image_13_0_mask.png,mask,0,004a_Positive X (Fish Front),"[385, 227, 614, 395]"
13,004a_Positive X (Fish Front)/mask_full/image_13_0_mask_full.png,mask_full,0,004a_Positive X (Fish Front),"[385, 227, 614, 395]"
13,004a_Positive X (Fish Front)/bbox-masked_image/image_13_0_bbox-masked.png,bbox-masked,0,004a_Positive X (Fish Front),"[385, 227, 614, 395]"
13,004a_Positive X (Fish Front)/cropped/image_13_1.png,cropped,1,004a_Positive X (Fish Front),"[386, 227, 613, 332]"
13,004a_Positive X (Fish Front)/mask/image_13_1_mask.png,mask,1,004a_Positive X (Fish Front),"[386, 227, 613, 332]"
13,004a_Positive X (Fish Front)/mask_full/image_13_1_mask_full.png,mask_full,1,004a_Positive X (Fish Front),"[386, 227, 613, 332]"
13,004a_Positive X (Fish Front)/bbox-masked_image/image_13_1_bbox-masked.png,bbox-masked,1,004a_Positive X (Fish Front),"[386, 227, 613, 332]"
14,004a_Positive X (Fish Front)/cropped/image_14_0.png,cropped,0,004a_Positive X (Fish Front),"[387, 232, 582, 400]"
14,004a_Positive X (Fish Front)/mask/image_14_0_mask.png,mask,0,004a_Positive X (Fish Front),"[387, 232, 582, 400]"
14,004a_Positive X (Fish Front)/mask_full/image_14_0_mask_full.png,mask_full,0,004a_Positive X (Fish Front),"[387, 232, 582, 400]"
14,004a_Positive X (Fish Front)/bbox-masked_image/image_14_0_bbox-masked.png,bbox-masked,0,004a_Positive X (Fish Front),"[387, 232, 582, 400]"
15,004a_Positive X (Fish Front)/cropped/image_15_0.png,cropped,0,004a_Positive X (Fish Front),"[387, 231, 551, 404]"
15,004a_Positive X (Fish Front)/mask/image_15_0_mask.png,mask,0,004a_Positive X (Fish Front),"[387, 231, 551, 404]"
15,004a_Positive X (Fish Front)/mask_full/image_15_0_mask_full.png,mask_full,0,004a_Positive X (Fish Front),"[387, 231, 551, 404]"
15,004a_Positive X (Fish Front)/bbox-masked_image/image_15_0_bbox-masked.png,bbox-masked,0,004a_Positive X (Fish Front),"[387, 231, 551, 404]"
16,004a_Positive X (Fish Front)/cropped/image_16_0.png,cropped,0,004a_Positive X (Fish Front),"[386, 230, 523, 383]"
16,004a_Positive X (Fish Front)/mask/image_16_0_mask.png,mask,0,004a_Positive X (Fish Front),"[386, 230, 523, 383]"
16,004a_Positive X (Fish Front)/mask_full/image_16_0_mask_full.png,mask_full,0,004a_Positive X (Fish Front),"[386, 230, 523, 383]"
16,004a_Positive X (Fish Front)/bbox-masked_image/image_16_0_bbox-masked.png,bbox-masked,0,004a_Positive X (Fish Front),"[386, 230, 523, 383]"
16,004a_Positive X (Fish Front)/cropped/image_16_1.png,cropped,1,004a_Positive X (Fish Front),"[386, 229, 522, 336]"
16,004a_Positive X (Fish Front)/mask/image_16_1_mask.png,mask,1,004a_Positive X (Fish Front),"[386, 229, 522, 336]"
16,004a_Positive X (Fish Front)/mask_full/image_16_1_mask_full.png,mask_full,1,004a_Positive X (Fish Front),"[386, 229, 522, 336]"
16,004a_Positive X (Fish Front)/bbox-masked_image/image_16_1_bbox-masked.png,bbox-masked,1,004a_Positive X (Fish Front),"[386, 229, 522, 336]"
17,004a_Positive X (Fish Front)/cropped/image_17_0.png,cropped,0,004a_Positive X (Fish Front),"[386, 229, 519, 337]"
17,004a_Positive X (Fish Front)/mask/image_17_0_mask.png,mask,0,004a_Positive X (Fish Front),"[386, 229, 519, 337]"
17,004a_Positive X (Fish Front)/mask_full/image_17_0_mask_full.png,mask_full,0,004a_Positive X (Fish Front),"[386, 229, 519, 337]"
17,004a_Positive X (Fish Front)/bbox-masked_image/image_17_0_bbox-masked.png,bbox-masked,0,004a_Positive X (Fish Front),"[386, 229, 519, 337]"
18,004a_Positive X (Fish Front)/cropped/image_18_0.png,cropped,0,004a_Positive X (Fish Front),"[386, 230, 519, 336]"
18,004a_Positive X (Fish Front)/mask/image_18_0_mask.png,mask,0,004a_Positive X (Fish Front),"[386, 230, 519, 336]"
18,004a_Positive X (Fish Front)/mask_full/image_18_0_mask_full.png,mask_full,0,004a_Positive X (Fish Front),"[386, 230, 519, 336]"
18,004a_Positive X (Fish Front)/bbox-masked_image/image_18_0_bbox-masked.png,bbox-masked,0,004a_Positive X (Fish Front),"[386, 230, 519, 336]"
19,004a_Positive X (Fish Front)/cropped/image_19_0.png,cropped,0,004a_Positive X (Fish Front),"[387, 229, 520, 334]"
19,004a_Positive X (Fish Front)/mask/image_19_0_mask.png,mask,0,004a_Positive X (Fish Front),"[387, 229, 520, 334]"
19,004a_Positive X (Fish Front)/mask_full/image_19_0_mask_full.png,mask_full,0,004a_Positive X (Fish Front),"[387, 229, 520, 334]"
19,004a_Positive X (Fish Front)/bbox-masked_image/image_19_0_bbox-masked.png,bbox-masked,0,004a_Positive X (Fish Front),"[387, 229, 520, 334]"
20,004a_Positive X (Fish Front)/cropped/image_20_0.png,cropped,0,004a_Positive X (Fish Front),"[387, 229, 520, 334]"
20,004a_Positive X (Fish Front)/mask/image_20_0_mask.png,mask,0,004a_Positive X (Fish Front),"[387, 229, 520, 334]"
20,004a_Positive X (Fish Front)/mask_full/image_20_0_mask_full.png,mask_full,0,004a_Positive X (Fish Front),"[387, 229, 520, 334]"
20,004a_Positive X (Fish Front)/bbox-masked_image/image_20_0_bbox-masked.png,bbox-masked,0,004a_Positive X (Fish Front),"[387, 229, 520, 334]"
21,004a_Positive X (Fish Front)/cropped/image_21_0.png,cropped,0,004a_Positive X (Fish Front),"[387, 229, 482, 336]"
21,004a_Positive X (Fish Front)/mask/image_21_0_mask.png,mask,0,004a_Positive X (Fish Front),"[387, 229, 482, 336]"
21,004a_Positive X (Fish Front)/mask_full/image_21_0_mask_full.png,mask_full,0,004a_Positive X (Fish Front),"[387, 229, 482, 336]"
21,004a_Positive X (Fish Front)/bbox-masked_image/image_21_0_bbox-masked.png,bbox-masked,0,004a_Positive X (Fish Front),"[387, 229, 482, 336]"
22,004a_Positive X (Fish Front)/cropped/image_22_0.png,cropped,0,004a_Positive X (Fish Front),"[387, 229, 482, 335]"
22,004a_Positive X (Fish Front)/mask/image_22_0_mask.png,mask,0,004a_Positive X (Fish Front),"[387, 229, 482, 335]"
22,004a_Positive X (Fish Front)/mask_full/image_22_0_mask_full.png,mask_full,0,004a_Positive X (Fish Front),"[387, 229, 482, 335]"
22,004a_Positive X (Fish Front)/bbox-masked_image/image_22_0_bbox-masked.png,bbox-masked,0,004a_Positive X (Fish Front),"[387, 229, 482, 335]"
23,004a_Positive X (Fish Front)/cropped/image_23_0.png,cropped,0,004a_Positive X (Fish Front),"[386, 230, 519, 338]"
23,004a_Positive X (Fish Front)/mask/image_23_0_mask.png,mask,0,004a_Positive X (Fish Front),"[386, 230, 519, 338]"
23,004a_Positive X (Fish Front)/mask_full/image_23_0_mask_full.png,mask_full,0,004a_Positive X (Fish Front),"[386, 230, 519, 338]"
23,004a_Positive X (Fish Front)/bbox-masked_image/image_23_0_bbox-masked.png,bbox-masked,0,004a_Positive X (Fish Front),"[386, 230, 519, 338]"
24,004a_Positive X (Fish Front)/cropped/image_24_0.png,cropped,0,004a_Positive X (Fish Front),"[386, 230, 516, 339]"
24,004a_Positive X (Fish Front)/mask/image_24_0_mask.png,mask,0,004a_Positive X (Fish Front),"[386, 230, 516, 339]"
24,004a_Positive X (Fish Front)/mask_full/image_24_0_mask_full.png,mask_full,0,004a_Positive X (Fish Front),"[386, 230, 516, 339]"
24,004a_Positive X (Fish Front)/bbox-masked_image/image_24_0_bbox-masked.png,bbox-masked,0,004a_Positive X (Fish Front),"[386, 230, 516, 339]"
25,004a_Positive X (Fish Front)/cropped/image_25_0.png,cropped,0,004a_Positive X (Fish Front),"[387, 230, 520, 341]"
25,004a_Positive X (Fish Front)/mask/image_25_0_mask.png,mask,0,004a_Positive X (Fish Front),"[387, 230, 520, 341]"
25,004a_Positive X (Fish Front)/mask_full/image_25_0_mask_full.png,mask_full,0,004a_Positive X (Fish Front),"[387, 230, 520, 341]"
25,004a_Positive X (Fish Front)/bbox-masked_image/image_25_0_bbox-masked.png,bbox-masked,0,004a_Positive X (Fish Front),"[387, 230, 520, 341]"
25,004a_Positive X (Fish Front)/cropped/image_25_1.png,cropped,1,004a_Positive X (Fish Front),"[387, 230, 521, 397]"
25,004a_Positive X (Fish Front)/mask/image_25_1_mask.png,mask,1,004a_Positive X (Fish Front),"[387, 230, 521, 397]"
25,004a_Positive X (Fish Front)/mask_full/image_25_1_mask_full.png,mask_full,1,004a_Positive X (Fish Front),"[387, 230, 521, 397]"
25,004a_Positive X (Fish Front)/bbox-masked_image/image_25_1_bbox-masked.png,bbox-masked,1,004a_Positive X (Fish Front),"[387, 230, 521, 397]"
26,004a_Positive X (Fish Front)/cropped/image_26_0.png,cropped,0,004a_Positive X (Fish Front),"[388, 230, 521, 341]"
26,004a_Positive X (Fish Front)/mask/image_26_0_mask.png,mask,0,004a_Positive X (Fish Front),"[388, 230, 521, 341]"
26,004a_Positive X (Fish Front)/mask_full/image_26_0_mask_full.png,mask_full,0,004a_Positive X (Fish Front),"[388, 230, 521, 341]"
26,004a_Positive X (Fish Front)/bbox-masked_image/image_26_0_bbox-masked.png,bbox-masked,0,004a_Positive X (Fish Front),"[388, 230, 521, 341]"
27,004a_Positive X (Fish Front)/cropped/image_27_0.png,cropped,0,004a_Positive X (Fish Front),"[385, 230, 520, 342]"
27,004a_Positive X (Fish Front)/mask/image_27_0_mask.png,mask,0,004a_Positive X (Fish Front),"[385, 230, 520, 342]"
27,004a_Positive X (Fish Front)/mask_full/image_27_0_mask_full.png,mask_full,0,004a_Positive X (Fish Front),"[385, 230, 520, 342]"
27,004a_Positive X (Fish Front)/bbox-masked_image/image_27_0_bbox-masked.png,bbox-masked,0,004a_Positive X (Fish Front),"[385, 230, 520, 342]"
28,004a_Positive X (Fish Front)/cropped/image_28_0.png,cropped,0,004a_Positive X (Fish Front),"[379, 230, 521, 343]"
28,004a_Positive X (Fish Front)/mask/image_28_0_mask.png,mask,0,004a_Positive X (Fish Front),"[379, 230, 521, 343]"
28,004a_Positive X (Fish Front)/mask_full/image_28_0_mask_full.png,mask_full,0,004a_Positive X (Fish Front),"[379, 230, 521, 343]"
28,004a_Positive X (Fish Front)/bbox-masked_image/image_28_0_bbox-masked.png,bbox-masked,0,004a_Positive X (Fish Front),"[379, 230, 521, 343]"
29,004a_Positive X (Fish Front)/cropped/image_29_0.png,cropped,0,004a_Positive X (Fish Front),"[373, 230, 522, 342]"
29,004a_Positive X (Fish Front)/mask/image_29_0_mask.png,mask,0,004a_Positive X (Fish Front),"[373, 230, 522, 342]"
29,004a_Positive X (Fish Front)/mask_full/image_29_0_mask_full.png,mask_full,0,004a_Positive X (Fish Front),"[373, 230, 522, 342]"
29,004a_Positive X (Fish Front)/bbox-masked_image/image_29_0_bbox-masked.png,bbox-masked,0,004a_Positive X (Fish Front),"[373, 230, 522, 342]"
30,004a_Positive X (Fish Front)/cropped/image_30_0.png,cropped,0,004a_Positive X (Fish Front),"[369, 229, 520, 343]"
30,004a_Positive X (Fish Front)/mask/image_30_0_mask.png,mask,0,004a_Positive X (Fish Front),"[369, 229, 520, 343]"
30,004a_Positive X (Fish Front)/mask_full/image_30_0_mask_full.png,mask_full,0,004a_Positive X (Fish Front),"[369, 229, 520, 343]"
30,004a_Positive X (Fish Front)/bbox-masked_image/image_30_0_bbox-masked.png,bbox-masked,0,004a_Positive X (Fish Front),"[369, 229, 520, 343]"
31,004a_Positive X (Fish Front)/cropped/image_31_0.png,cropped,0,004a_Positive X (Fish Front),"[364, 229, 520, 344]"
31,004a_Positive X (Fish Front)/mask/image_31_0_mask.png,mask,0,004a_Positive X (Fish Front),"[364, 229, 520, 344]"
31,004a_Positive X (Fish Front)/mask_full/image_31_0_mask_full.png,mask_full,0,004a_Positive X (Fish Front),"[364, 229, 520, 344]"
31,004a_Positive X (Fish Front)/bbox-masked_image/image_31_0_bbox-masked.png,bbox-masked,0,004a_Positive X (Fish Front),"[364, 229, 520, 344]"
32,004a_Positive X (Fish Front)/cropped/image_32_0.png,cropped,0,004a_Positive X (Fish Front),"[359, 229, 522, 343]"
32,004a_Positive X (Fish Front)/mask/image_32_0_mask.png,mask,0,004a_Positive X (Fish Front),"[359, 229, 522, 343]"
32,004a_Positive X (Fish Front)/mask_full/image_32_0_mask_full.png,mask_full,0,004a_Positive X (Fish Front),"[359, 229, 522, 343]"
32,004a_Positive X (Fish Front)/bbox-masked_image/image_32_0_bbox-masked.png,bbox-masked,0,004a_Positive X (Fish Front),"[359, 229, 522, 343]"
33,004a_Positive X (Fish Front)/cropped/image_33_0.png,cropped,0,004a_Positive X (Fish Front),"[353, 229, 522, 345]"
33,004a_Positive X (Fish Front)/mask/image_33_0_mask.png,mask,0,004a_Positive X (Fish Front),"[353, 229, 522, 345]"
33,004a_Positive X (Fish Front)/mask_full/image_33_0_mask_full.png,mask_full,0,004a_Positive X (Fish Front),"[353, 229, 522, 345]"
33,004a_Positive X (Fish Front)/bbox-masked_image/image_33_0_bbox-masked.png,bbox-masked,0,004a_Positive X (Fish Front),"[353, 229, 522, 345]"
34,004a_Positive X (Fish Front)/cropped/image_34_0.png,cropped,0,004a_Positive X (Fish Front),"[348, 228, 522, 345]"
34,004a_Positive X (Fish Front)/mask/image_34_0_mask.png,mask,0,004a_Positive X (Fish Front),"[348, 228, 522, 345]"
34,004a_Positive X (Fish Front)/mask_full/image_34_0_mask_full.png,mask_full,0,004a_Positive X (Fish Front),"[348, 228, 522, 345]"
34,004a_Positive X (Fish Front)/bbox-masked_image/image_34_0_bbox-masked.png,bbox-masked,0,004a_Positive X (Fish Front),"[348, 228, 522, 345]"
34,004a_Positive X (Fish Front)/cropped/image_34_1.png,cropped,1,004a_Positive X (Fish Front),"[516, 349, 540, 409]"
34,004a_Positive X (Fish Front)/mask/image_34_1_mask.png,mask,1,004a_Positive X (Fish Front),"[516, 349, 540, 409]"
34,004a_Positive X (Fish Front)/mask_full/image_34_1_mask_full.png,mask_full,1,004a_Positive X (Fish Front),"[516, 349, 540, 409]"
34,004a_Positive X (Fish Front)/bbox-masked_image/image_34_1_bbox-masked.png,bbox-masked,1,004a_Positive X (Fish Front),"[516, 349, 540, 409]"
35,004a_Positive X (Fish Front)/cropped/image_35_0.png,cropped,0,004a_Positive X (Fish Front),"[343, 228, 520, 345]"
35,004a_Positive X (Fish Front)/mask/image_35_0_mask.png,mask,0,004a_Positive X (Fish Front),"[343, 228, 520, 345]"
35,004a_Positive X (Fish Front)/mask_full/image_35_0_mask_full.png,mask_full,0,004a_Positive X (Fish Front),"[343, 228, 520, 345]"
35,004a_Positive X (Fish Front)/bbox-masked_image/image_35_0_bbox-masked.png,bbox-masked,0,004a_Positive X (Fish Front),"[343, 228, 520, 345]"
35,004a_Positive X (Fish Front)/cropped/image_35_1.png,cropped,1,004a_Positive X (Fish Front),"[516, 349, 539, 410]"
35,004a_Positive X (Fish Front)/mask/image_35_1_mask.png,mask,1,004a_Positive X (Fish Front),"[516, 349, 539, 410]"
35,004a_Positive X (Fish Front)/mask_full/image_35_1_mask_full.png,mask_full,1,004a_Positive X (Fish Front),"[516, 349, 539, 410]"
35,004a_Positive X (Fish Front)/bbox-masked_image/image_35_1_bbox-masked.png,bbox-masked,1,004a_Positive X (Fish Front),"[516, 349, 539, 410]"
36,004a_Positive X (Fish Front)/cropped/image_36_0.png,cropped,0,004a_Positive X (Fish Front),"[338, 228, 518, 345]"
36,004a_Positive X (Fish Front)/mask/image_36_0_mask.png,mask,0,004a_Positive X (Fish Front),"[338, 228, 518, 345]"
36,004a_Positive X (Fish Front)/mask_full/image_36_0_mask_full.png,mask_full,0,004a_Positive X (Fish Front),"[338, 228, 518, 345]"
36,004a_Positive X (Fish Front)/bbox-masked_image/image_36_0_bbox-masked.png,bbox-masked,0,004a_Positive X (Fish Front),"[338, 228, 518, 345]"
36,004a_Positive X (Fish Front)/cropped/image_36_1.png,cropped,1,004a_Positive X (Fish Front),"[514, 347, 535, 410]"
36,004a_Positive X (Fish Front)/mask/image_36_1_mask.png,mask,1,004a_Positive X (Fish Front),"[514, 347, 535, 410]"
36,004a_Positive X (Fish Front)/mask_full/image_36_1_mask_full.png,mask_full,1,004a_Positive X (Fish Front),"[514, 347, 535, 410]"
36,004a_Positive X (Fish Front)/bbox-masked_image/image_36_1_bbox-masked.png,bbox-masked,1,004a_Positive X (Fish Front),"[514, 347, 535, 410]"
37,004a_Positive X (Fish Front)/cropped/image_37_0.png,cropped,0,004a_Positive X (Fish Front),"[333, 228, 509, 345]"
37,004a_Positive X (Fish Front)/mask/image_37_0_mask.png,mask,0,004a_Positive X (Fish Front),"[333, 228, 509, 345]"
37,004a_Positive X (Fish Front)/mask_full/image_37_0_mask_full.png,mask_full,0,004a_Positive X (Fish Front),"[333, 228, 509, 345]"
37,004a_Positive X (Fish Front)/bbox-masked_image/image_37_0_bbox-masked.png,bbox-masked,0,004a_Positive X (Fish Front),"[333, 228, 509, 345]"
37,004a_Positive X (Fish Front)/cropped/image_37_1.png,cropped,1,004a_Positive X (Fish Front),"[512, 348, 533, 411]"
37,004a_Positive X (Fish Front)/mask/image_37_1_mask.png,mask,1,004a_Positive X (Fish Front),"[512, 348, 533, 411]"
37,004a_Positive X (Fish Front)/mask_full/image_37_1_mask_full.png,mask_full,1,004a_Positive X (Fish Front),"[512, 348, 533, 411]"
37,004a_Positive X (Fish Front)/bbox-masked_image/image_37_1_bbox-masked.png,bbox-masked,1,004a_Positive X (Fish Front),"[512, 348, 533, 411]"
38,004a_Positive X (Fish Front)/cropped/image_38_0.png,cropped,0,004a_Positive X (Fish Front),"[511, 348, 529, 411]"
38,004a_Positive X (Fish Front)/mask/image_38_0_mask.png,mask,0,004a_Positive X (Fish Front),"[511, 348, 529, 411]"
38,004a_Positive X (Fish Front)/mask_full/image_38_0_mask_full.png,mask_full,0,004a_Positive X (Fish Front),"[511, 348, 529, 411]"
38,004a_Positive X (Fish Front)/bbox-masked_image/image_38_0_bbox-masked.png,bbox-masked,0,004a_Positive X (Fish Front),"[511, 348, 529, 411]"
39,004a_Positive X (Fish Front)/cropped/image_39_0.png,cropped,0,004a_Positive X (Fish Front),"[508, 347, 524, 411]"
39,004a_Positive X (Fish Front)/mask/image_39_0_mask.png,mask,0,004a_Positive X (Fish Front),"[508, 347, 524, 411]"
39,004a_Positive X (Fish Front)/mask_full/image_39_0_mask_full.png,mask_full,0,004a_Positive X (Fish Front),"[508, 347, 524, 411]"
39,004a_Positive X (Fish Front)/bbox-masked_image/image_39_0_bbox-masked.png,bbox-masked,0,004a_Positive X (Fish Front),"[508, 347, 524, 411]"
40,004a_Positive X (Fish Front)/cropped/image_40_0.png,cropped,0,004a_Positive X (Fish Front),"[315, 227, 382, 347]"
40,004a_Positive X (Fish Front)/mask/image_40_0_mask.png,mask,0,004a_Positive X (Fish Front),"[315, 227, 382, 347]"
40,004a_Positive X (Fish Front)/mask_full/image_40_0_mask_full.png,mask_full,0,004a_Positive X (Fish Front),"[315, 227, 382, 347]"
40,004a_Positive X (Fish Front)/bbox-masked_image/image_40_0_bbox-masked.png,bbox-masked,0,004a_Positive X (Fish Front),"[315, 227, 382, 347]"
40,004a_Positive X (Fish Front)/cropped/image_40_1.png,cropped,1,004a_Positive X (Fish Front),"[315, 227, 448, 347]"
40,004a_Positive X (Fish Front)/mask/image_40_1_mask.png,mask,1,004a_Positive X (Fish Front),"[315, 227, 448, 347]"
40,004a_Positive X (Fish Front)/mask_full/image_40_1_mask_full.png,mask_full,1,004a_Positive X (Fish Front),"[315, 227, 448, 347]"
40,004a_Positive X (Fish Front)/bbox-masked_image/image_40_1_bbox-masked.png,bbox-masked,1,004a_Positive X (Fish Front),"[315, 227, 448, 347]"
41,004a_Positive X (Fish Front)/cropped/image_41_0.png,cropped,0,004a_Positive X (Fish Front),"[315, 227, 382, 348]"
41,004a_Positive X (Fish Front)/mask/image_41_0_mask.png,mask,0,004a_Positive X (Fish Front),"[315, 227, 382, 348]"
41,004a_Positive X (Fish Front)/mask_full/image_41_0_mask_full.png,mask_full,0,004a_Positive X (Fish Front),"[315, 227, 382, 348]"
41,004a_Positive X (Fish Front)/bbox-masked_image/image_41_0_bbox-masked.png,bbox-masked,0,004a_Positive X (Fish Front),"[315, 227, 382, 348]"
41,004a_Positive X (Fish Front)/cropped/image_41_1.png,cropped,1,004a_Positive X (Fish Front),"[499, 347, 514, 411]"
41,004a_Positive X (Fish Front)/mask/image_41_1_mask.png,mask,1,004a_Positive X (Fish Front),"[499, 347, 514, 411]"
41,004a_Positive X (Fish Front)/mask_full/image_41_1_mask_full.png,mask_full,1,004a_Positive X (Fish Front),"[499, 347, 514, 411]"
41,004a_Positive X (Fish Front)/bbox-masked_image/image_41_1_bbox-masked.png,bbox-masked,1,004a_Positive X (Fish Front),"[499, 347, 514, 411]"
42,004a_Positive X (Fish Front)/cropped/image_42_0.png,cropped,0,004a_Positive X (Fish Front),"[312, 227, 392, 347]"
42,004a_Positive X (Fish Front)/mask/image_42_0_mask.png,mask,0,004a_Positive X (Fish Front),"[312, 227, 392, 347]"
42,004a_Positive X (Fish Front)/mask_full/image_42_0_mask_full.png,mask_full,0,004a_Positive X (Fish Front),"[312, 227, 392, 347]"
42,004a_Positive X (Fish Front)/bbox-masked_image/image_42_0_bbox-masked.png,bbox-masked,0,004a_Positive X (Fish Front),"[312, 227, 392, 347]"
42,004a_Positive X (Fish Front)/cropped/image_42_1.png,cropped,1,004a_Positive X (Fish Front),"[490, 348, 509, 410]"
42,004a_Positive X (Fish Front)/mask/image_42_1_mask.png,mask,1,004a_Positive X (Fish Front),"[490, 348, 509, 410]"
42,004a_Positive X (Fish Front)/mask_full/image_42_1_mask_full.png,mask_full,1,004a_Positive X (Fish Front),"[490, 348, 509, 410]"
42,004a_Positive X (Fish Front)/bbox-masked_image/image_42_1_bbox-masked.png,bbox-masked,1,004a_Positive X (Fish Front),"[490, 348, 509, 410]"
42,004a_Positive X (Fish Front)/cropped/image_42_2.png,cropped,2,004a_Positive X (Fish Front),"[312, 227, 364, 346]"
42,004a_Positive X (Fish Front)/mask/image_42_2_mask.png,mask,2,004a_Positive X (Fish Front),"[312, 227, 364, 346]"
42,004a_Positive X (Fish Front)/mask_full/image_42_2_mask_full.png,mask_full,2,004a_Positive X (Fish Front),"[312, 227, 364, 346]"
42,004a_Positive X (Fish Front)/bbox-masked_image/image_42_2_bbox-masked.png,bbox-masked,2,004a_Positive X (Fish Front),"[312, 227, 364, 346]"
42,004a_Positive X (Fish Front)/cropped/image_42_3.png,cropped,3,004a_Positive X (Fish Front),"[311, 226, 452, 346]"
42,004a_Positive X (Fish Front)/mask/image_42_3_mask.png,mask,3,004a_Positive X (Fish Front),"[311, 226, 452, 346]"
42,004a_Positive X (Fish Front)/mask_full/image_42_3_mask_full.png,mask_full,3,004a_Positive X (Fish Front),"[311, 226, 452, 346]"
42,004a_Positive X (Fish Front)/bbox-masked_image/image_42_3_bbox-masked.png,bbox-masked,3,004a_Positive X (Fish Front),"[311, 226, 452, 346]"
43,004a_Positive X (Fish Front)/cropped/image_43_0.png,cropped,0,004a_Positive X (Fish Front),"[308, 226, 430, 347]"
43,004a_Positive X (Fish Front)/mask/image_43_0_mask.png,mask,0,004a_Positive X (Fish Front),"[308, 226, 430, 347]"
43,004a_Positive X (Fish Front)/mask_full/image_43_0_mask_full.png,mask_full,0,004a_Positive X (Fish Front),"[308, 226, 430, 347]"
43,004a_Positive X (Fish Front)/bbox-masked_image/image_43_0_bbox-masked.png,bbox-masked,0,004a_Positive X (Fish Front),"[308, 226, 430, 347]"
43,004a_Positive X (Fish Front)/cropped/image_43_1.png,cropped,1,004a_Positive X (Fish Front),"[481, 347, 507, 409]"
43,004a_Positive X (Fish Front)/mask/image_43_1_mask.png,mask,1,004a_Positive X (Fish Front),"[481, 347, 507, 409]"
43,004a_Positive X (Fish Front)/mask_full/image_43_1_mask_full.png,mask_full,1,004a_Positive X (Fish Front),"[481, 347, 507, 409]"
43,004a_Positive X (Fish Front)/bbox-masked_image/image_43_1_bbox-masked.png,bbox-masked,1,004a_Positive X (Fish Front),"[481, 347, 507, 409]"
43,004a_Positive X (Fish Front)/cropped/image_43_2.png,cropped,2,004a_Positive X (Fish Front),"[308, 227, 359, 347]"
43,004a_Positive X (Fish Front)/mask/image_43_2_mask.png,mask,2,004a_Positive X (Fish Front),"[308, 227, 359, 347]"
43,004a_Positive X (Fish Front)/mask_full/image_43_2_mask_full.png,mask_full,2,004a_Positive X (Fish Front),"[308, 227, 359, 347]"
43,004a_Positive X (Fish Front)/bbox-masked_image/image_43_2_bbox-masked.png,bbox-masked,2,004a_Positive X (Fish Front),"[308, 227, 359, 347]"
44,004a_Positive X (Fish Front)/cropped/image_44_0.png,cropped,0,004a_Positive X (Fish Front),"[305, 227, 366, 347]"
44,004a_Positive X (Fish Front)/mask/image_44_0_mask.png,mask,0,004a_Positive X (Fish Front),"[305, 227, 366, 347]"
44,004a_Positive X (Fish Front)/mask_full/image_44_0_mask_full.png,mask_full,0,004a_Positive X (Fish Front),"[305, 227, 366, 347]"
44,004a_Positive X (Fish Front)/bbox-masked_image/image_44_0_bbox-masked.png,bbox-masked,0,004a_Positive X (Fish Front),"[305, 227, 366, 347]"
44,004a_Positive X (Fish Front)/cropped/image_44_1.png,cropped,1,004a_Positive X (Fish Front),"[472, 345, 498, 406]"
44,004a_Positive X (Fish Front)/mask/image_44_1_mask.png,mask,1,004a_Positive X (Fish Front),"[472, 345, 498, 406]"
44,004a_Positive X (Fish Front)/mask_full/image_44_1_mask_full.png,mask_full,1,004a_Positive X (Fish Front),"[472, 345, 498, 406]"
44,004a_Positive X (Fish Front)/bbox-masked_image/image_44_1_bbox-masked.png,bbox-masked,1,004a_Positive X (Fish Front),"[472, 345, 498, 406]"
45,004a_Positive X (Fish Front)/cropped/image_45_0.png,cropped,0,004a_Positive X (Fish Front),"[300, 227, 457, 347]"
45,004a_Positive X (Fish Front)/mask/image_45_0_mask.png,mask,0,004a_Positive X (Fish Front),"[300, 227, 457, 347]"
45,004a_Positive X (Fish Front)/mask_full/image_45_0_mask_full.png,mask_full,0,004a_Positive X (Fish Front),"[300, 227, 457, 347]"
45,004a_Positive X (Fish Front)/bbox-masked_image/image_45_0_bbox-masked.png,bbox-masked,0,004a_Positive X (Fish Front),"[300, 227, 457, 347]"
45,004a_Positive X (Fish Front)/cropped/image_45_1.png,cropped,1,004a_Positive X (Fish Front),"[461, 343, 494, 402]"
45,004a_Positive X (Fish Front)/mask/image_45_1_mask.png,mask,1,004a_Positive X (Fish Front),"[461, 343, 494, 402]"
45,004a_Positive X (Fish Front)/mask_full/image_45_1_mask_full.png,mask_full,1,004a_Positive X (Fish Front),"[461, 343, 494, 402]"
45,004a_Positive X (Fish Front)/bbox-masked_image/image_45_1_bbox-masked.png,bbox-masked,1,004a_Positive X (Fish Front),"[461, 343, 494, 402]"
46,004a_Positive X (Fish Front)/cropped/image_46_0.png,cropped,0,004a_Positive X (Fish Front),"[296, 225, 468, 348]"
46,004a_Positive X (Fish Front)/mask/image_46_0_mask.png,mask,0,004a_Positive X (Fish Front),"[296, 225, 468, 348]"
46,004a_Positive X (Fish Front)/mask_full/image_46_0_mask_full.png,mask_full,0,004a_Positive X (Fish Front),"[296, 225, 468, 348]"
46,004a_Positive X (Fish Front)/bbox-masked_image/image_46_0_bbox-masked.png,bbox-masked,0,004a_Positive X (Fish Front),"[296, 225, 468, 348]"
46,004a_Positive X (Fish Front)/cropped/image_46_1.png,cropped,1,004a_Positive X (Fish Front),"[451, 340, 486, 398]"
46,004a_Positive X (Fish Front)/mask/image_46_1_mask.png,mask,1,004a_Positive X (Fish Front),"[451, 340, 486, 398]"
46,004a_Positive X (Fish Front)/mask_full/image_46_1_mask_full.png,mask_full,1,004a_Positive X (Fish Front),"[451, 340, 486, 398]"
46,004a_Positive X (Fish Front)/bbox-masked_image/image_46_1_bbox-masked.png,bbox-masked,1,004a_Positive X (Fish Front),"[451, 340, 486, 398]"
47,004a_Positive X (Fish Front)/cropped/image_47_0.png,cropped,0,004a_Positive X (Fish Front),"[294, 218, 476, 356]"
47,004a_Positive X (Fish Front)/mask/image_47_0_mask.png,mask,0,004a_Positive X (Fish Front),"[294, 218, 476, 356]"
47,004a_Positive X (Fish Front)/mask_full/image_47_0_mask_full.png,mask_full,0,004a_Positive X (Fish Front),"[294, 218, 476, 356]"
47,004a_Positive X (Fish Front)/bbox-masked_image/image_47_0_bbox-masked.png,bbox-masked,0,004a_Positive X (Fish Front),"[294, 218, 476, 356]"
48,004a_Positive X (Fish Front)/cropped/image_48_0.png,cropped,0,004a_Positive X (Fish Front),"[290, 214, 477, 385]"
48,004a_Positive X (Fish Front)/mask/image_48_0_mask.png,mask,0,004a_Positive X (Fish Front),"[290, 214, 477, 385]"
48,004a_Positive X (Fish Front)/mask_full/image_48_0_mask_full.png,mask_full,0,004a_Positive X (Fish Front),"[290, 214, 477, 385]"
48,004a_Positive X (Fish Front)/bbox-masked_image/image_48_0_bbox-masked.png,bbox-masked,0,004a_Positive X (Fish Front),"[290, 214, 477, 385]"
49,004a_Positive X (Fish Front)/cropped/image_49_0.png,cropped,0,004a_Positive X (Fish Front),"[288, 200, 472, 379]"
49,004a_Positive X (Fish Front)/mask/image_49_0_mask.png,mask,0,004a_Positive X (Fish Front),"[288, 200, 472, 379]"
49,004a_Positive X (Fish Front)/mask_full/image_49_0_mask_full.png,mask_full,0,004a_Positive X (Fish Front),"[288, 200, 472, 379]"
49,004a_Positive X (Fish Front)/bbox-masked_image/image_49_0_bbox-masked.png,bbox-masked,0,004a_Positive X (Fish Front),"[288, 200, 472, 379]"
50,004a_Positive X (Fish Front)/cropped/image_50_0.png,cropped,0,004a_Positive X (Fish Front),"[284, 223, 472, 369]"
50,004a_Positive X (Fish Front)/mask/image_50_0_mask.png,mask,0,004a_Positive X (Fish Front),"[284, 223, 472, 369]"
50,004a_Positive X (Fish Front)/mask_full/image_50_0_mask_full.png,mask_full,0,004a_Positive X (Fish Front),"[284, 223, 472, 369]"
50,004a_Positive X (Fish Front)/bbox-masked_image/image_50_0_bbox-masked.png,bbox-masked,0,004a_Positive X (Fish Front),"[284, 223, 472, 369]"
51,004a_Positive X (Fish Front)/cropped/image_51_0.png,cropped,0,004a_Positive X (Fish Front),"[281, 224, 497, 356]"
51,004a_Positive X (Fish Front)/mask/image_51_0_mask.png,mask,0,004a_Positive X (Fish Front),"[281, 224, 497, 356]"
51,004a_Positive X (Fish Front)/mask_full/image_51_0_mask_full.png,mask_full,0,004a_Positive X (Fish Front),"[281, 224, 497, 356]"
51,004a_Positive X (Fish Front)/bbox-masked_image/image_51_0_bbox-masked.png,bbox-masked,0,004a_Positive X (Fish Front),"[281, 224, 497, 356]"
51,004a_Positive X (Fish Front)/cropped/image_51_1.png,cropped,1,004a_Positive X (Fish Front),"[440, 178, 483, 238]"
51,004a_Positive X (Fish Front)/mask/image_51_1_mask.png,mask,1,004a_Positive X (Fish Front),"[440, 178, 483, 238]"
51,004a_Positive X (Fish Front)/mask_full/image_51_1_mask_full.png,mask_full,1,004a_Positive X (Fish Front),"[440, 178, 483, 238]"
51,004a_Positive X (Fish Front)/bbox-masked_image/image_51_1_bbox-masked.png,bbox-masked,1,004a_Positive X (Fish Front),"[440, 178, 483, 238]"
52,004a_Positive X (Fish Front)/cropped/image_52_0.png,cropped,0,004a_Positive X (Fish Front),"[277, 224, 459, 351]"
52,004a_Positive X (Fish Front)/mask/image_52_0_mask.png,mask,0,004a_Positive X (Fish Front),"[277, 224, 459, 351]"
52,004a_Positive X (Fish Front)/mask_full/image_52_0_mask_full.png,mask_full,0,004a_Positive X (Fish Front),"[277, 224, 459, 351]"
52,004a_Positive X (Fish Front)/bbox-masked_image/image_52_0_bbox-masked.png,bbox-masked,0,004a_Positive X (Fish Front),"[277, 224, 459, 351]"
52,004a_Positive X (Fish Front)/cropped/image_52_1.png,cropped,1,004a_Positive X (Fish Front),"[451, 173, 489, 234]"
52,004a_Positive X (Fish Front)/mask/image_52_1_mask.png,mask,1,004a_Positive X (Fish Front),"[451, 173, 489, 234]"
52,004a_Positive X (Fish Front)/mask_full/image_52_1_mask_full.png,mask_full,1,004a_Positive X (Fish Front),"[451, 173, 489, 234]"
52,004a_Positive X (Fish Front)/bbox-masked_image/image_52_1_bbox-masked.png,bbox-masked,1,004a_Positive X (Fish Front),"[451, 173, 489, 234]"
53,004a_Positive X (Fish Front)/cropped/image_53_0.png,cropped,0,004a_Positive X (Fish Front),"[275, 224, 455, 352]"
53,004a_Positive X (Fish Front)/mask/image_53_0_mask.png,mask,0,004a_Positive X (Fish Front),"[275, 224, 455, 352]"
53,004a_Positive X (Fish Front)/mask_full/image_53_0_mask_full.png,mask_full,0,004a_Positive X (Fish Front),"[275, 224, 455, 352]"
53,004a_Positive X (Fish Front)/bbox-masked_image/image_53_0_bbox-masked.png,bbox-masked,0,004a_Positive X (Fish Front),"[275, 224, 455, 352]"
53,004a_Positive X (Fish Front)/cropped/image_53_1.png,cropped,1,004a_Positive X (Fish Front),"[462, 168, 495, 232]"
53,004a_Positive X (Fish Front)/mask/image_53_1_mask.png,mask,1,004a_Positive X (Fish Front),"[462, 168, 495, 232]"
53,004a_Positive X (Fish Front)/mask_full/image_53_1_mask_full.png,mask_full,1,004a_Positive X (Fish Front),"[462, 168, 495, 232]"
53,004a_Positive X (Fish Front)/bbox-masked_image/image_53_1_bbox-masked.png,bbox-masked,1,004a_Positive X (Fish Front),"[462, 168, 495, 232]"
54,004a_Positive X (Fish Front)/cropped/image_54_0.png,cropped,0,004a_Positive X (Fish Front),"[273, 225, 452, 353]"
54,004a_Positive X (Fish Front)/mask/image_54_0_mask.png,mask,0,004a_Positive X (Fish Front),"[273, 225, 452, 353]"
54,004a_Positive X (Fish Front)/mask_full/image_54_0_mask_full.png,mask_full,0,004a_Positive X (Fish Front),"[273, 225, 452, 353]"
54,004a_Positive X (Fish Front)/bbox-masked_image/image_54_0_bbox-masked.png,bbox-masked,0,004a_Positive X (Fish Front),"[273, 225, 452, 353]"
54,004a_Positive X (Fish Front)/cropped/image_54_1.png,cropped,1,004a_Positive X (Fish Front),"[471, 166, 499, 229]"
54,004a_Positive X (Fish Front)/mask/image_54_1_mask.png,mask,1,004a_Positive X (Fish Front),"[471, 166, 499, 229]"
54,004a_Positive X (Fish Front)/mask_full/image_54_1_mask_full.png,mask_full,1,004a_Positive X (Fish Front),"[471, 166, 499, 229]"
54,004a_Positive X (Fish Front)/bbox-masked_image/image_54_1_bbox-masked.png,bbox-masked,1,004a_Positive X (Fish Front),"[471, 166, 499, 229]"
55,004a_Positive X (Fish Front)/cropped/image_55_0.png,cropped,0,004a_Positive X (Fish Front),"[270, 225, 452, 355]"
55,004a_Positive X (Fish Front)/mask/image_55_0_mask.png,mask,0,004a_Positive X (Fish Front),"[270, 225, 452, 355]"
55,004a_Positive X (Fish Front)/mask_full/image_55_0_mask_full.png,mask_full,0,004a_Positive X (Fish Front),"[270, 225, 452, 355]"
55,004a_Positive X (Fish Front)/bbox-masked_image/image_55_0_bbox-masked.png,bbox-masked,0,004a_Positive X (Fish Front),"[270, 225, 452, 355]"
55,004a_Positive X (Fish Front)/cropped/image_55_1.png,cropped,1,004a_Positive X (Fish Front),"[480, 164, 506, 228]"
55,004a_Positive X (Fish Front)/mask/image_55_1_mask.png,mask,1,004a_Positive X (Fish Front),"[480, 164, 506, 228]"
55,004a_Positive X (Fish Front)/mask_full/image_55_1_mask_full.png,mask_full,1,004a_Positive X (Fish Front),"[480, 164, 506, 228]"
55,004a_Positive X (Fish Front)/bbox-masked_image/image_55_1_bbox-masked.png,bbox-masked,1,004a_Positive X (Fish Front),"[480, 164, 506, 228]"
56,004a_Positive X (Fish Front)/cropped/image_56_0.png,cropped,0,004a_Positive X (Fish Front),"[268, 226, 451, 355]"
56,004a_Positive X (Fish Front)/mask/image_56_0_mask.png,mask,0,004a_Positive X (Fish Front),"[268, 226, 451, 355]"
56,004a_Positive X (Fish Front)/mask_full/image_56_0_mask_full.png,mask_full,0,004a_Positive X (Fish Front),"[268, 226, 451, 355]"
56,004a_Positive X (Fish Front)/bbox-masked_image/image_56_0_bbox-masked.png,bbox-masked,0,004a_Positive X (Fish Front),"[268, 226, 451, 355]"
56,004a_Positive X (Fish Front)/cropped/image_56_1.png,cropped,1,004a_Positive X (Fish Front),"[490, 162, 510, 227]"
56,004a_Positive X (Fish Front)/mask/image_56_1_mask.png,mask,1,004a_Positive X (Fish Front),"[490, 162, 510, 227]"
56,004a_Positive X (Fish Front)/mask_full/image_56_1_mask_full.png,mask_full,1,004a_Positive X (Fish Front),"[490, 162, 510, 227]"
56,004a_Positive X (Fish Front)/bbox-masked_image/image_56_1_bbox-masked.png,bbox-masked,1,004a_Positive X (Fish Front),"[490, 162, 510, 227]"
57,004a_Positive X (Fish Front)/cropped/image_57_0.png,cropped,0,004a_Positive X (Fish Front),"[266, 227, 451, 358]"
57,004a_Positive X (Fish Front)/mask/image_57_0_mask.png,mask,0,004a_Positive X (Fish Front),"[266, 227, 451, 358]"
57,004a_Positive X (Fish Front)/mask_full/image_57_0_mask_full.png,mask_full,0,004a_Positive X (Fish Front),"[266, 227, 451, 358]"
57,004a_Positive X (Fish Front)/bbox-masked_image/image_57_0_bbox-masked.png,bbox-masked,0,004a_Positive X (Fish Front),"[266, 227, 451, 358]"
57,004a_Positive X (Fish Front)/cropped/image_57_1.png,cropped,1,004a_Positive X (Fish Front),"[493, 163, 513, 227]"
57,004a_Positive X (Fish Front)/mask/image_57_1_mask.png,mask,1,004a_Positive X (Fish Front),"[493, 163, 513, 227]"
57,004a_Positive X (Fish Front)/mask_full/image_57_1_mask_full.png,mask_full,1,004a_Positive X (Fish Front),"[493, 163, 513, 227]"
57,004a_Positive X (Fish Front)/bbox-masked_image/image_57_1_bbox-masked.png,bbox-masked,1,004a_Positive X (Fish Front),"[493, 163, 513, 227]"
58,004a_Positive X (Fish Front)/cropped/image_58_0.png,cropped,0,004a_Positive X (Fish Front),"[263, 229, 452, 359]"
58,004a_Positive X (Fish Front)/mask/image_58_0_mask.png,mask,0,004a_Positive X (Fish Front),"[263, 229, 452, 359]"
58,004a_Positive X (Fish Front)/mask_full/image_58_0_mask_full.png,mask_full,0,004a_Positive X (Fish Front),"[263, 229, 452, 359]"
58,004a_Positive X (Fish Front)/bbox-masked_image/image_58_0_bbox-masked.png,bbox-masked,0,004a_Positive X (Fish Front),"[263, 229, 452, 359]"
59,004a_Positive X (Fish Front)/cropped/image_59_0.png,cropped,0,004a_Positive X (Fish Front),"[261, 231, 452, 361]"
59,004a_Positive X (Fish Front)/mask/image_59_0_mask.png,mask,0,004a_Positive X (Fish Front),"[261, 231, 452, 361]"
59,004a_Positive X (Fish Front)/mask_full/image_59_0_mask_full.png,mask_full,0,004a_Positive X (Fish Front),"[261, 231, 452, 361]"
59,004a_Positive X (Fish Front)/bbox-masked_image/image_59_0_bbox-masked.png,bbox-masked,0,004a_Positive X (Fish Front),"[261, 231, 452, 361]"
60,004a_Positive X (Fish Front)/cropped/image_60_0.png,cropped,0,004a_Positive X (Fish Front),"[257, 233, 453, 364]"
60,004a_Positive X (Fish Front)/mask/image_60_0_mask.png,mask,0,004a_Positive X (Fish Front),"[257, 233, 453, 364]"
60,004a_Positive X (Fish Front)/mask_full/image_60_0_mask_full.png,mask_full,0,004a_Positive X (Fish Front),"[257, 233, 453, 364]"
60,004a_Positive X (Fish Front)/bbox-masked_image/image_60_0_bbox-masked.png,bbox-masked,0,004a_Positive X (Fish Front),"[257, 233, 453, 364]"
61,004a_Positive X (Fish Front)/cropped/image_61_0.png,cropped,0,004a_Positive X (Fish Front),"[255, 235, 444, 367]"
61,004a_Positive X (Fish Front)/mask/image_61_0_mask.png,mask,0,004a_Positive X (Fish Front),"[255, 235, 444, 367]"
61,004a_Positive X (Fish Front)/mask_full/image_61_0_mask_full.png,mask_full,0,004a_Positive X (Fish Front),"[255, 235, 444, 367]"
61,004a_Positive X (Fish Front)/bbox-masked_image/image_61_0_bbox-masked.png,bbox-masked,0,004a_Positive X (Fish Front),"[255, 235, 444, 367]"
61,004a_Positive X (Fish Front)/cropped/image_61_1.png,cropped,1,004a_Positive X (Fish Front),"[255, 236, 376, 367]"
61,004a_Positive X (Fish Front)/mask/image_61_1_mask.png,mask,1,004a_Positive X (Fish Front),"[255, 236, 376, 367]"
61,004a_Positive X (Fish Front)/mask_full/image_61_1_mask_full.png,mask_full,1,004a_Positive X (Fish Front),"[255, 236, 376, 367]"
61,004a_Positive X (Fish Front)/bbox-masked_image/image_61_1_bbox-masked.png,bbox-masked,1,004a_Positive X (Fish Front),"[255, 236, 376, 367]"
62,004a_Positive X (Fish Front)/cropped/image_62_0.png,cropped,0,004a_Positive X (Fish Front),"[252, 238, 360, 370]"
62,004a_Positive X (Fish Front)/mask/image_62_0_mask.png,mask,0,004a_Positive X (Fish Front),"[252, 238, 360, 370]"
62,004a_Positive X (Fish Front)/mask_full/image_62_0_mask_full.png,mask_full,0,004a_Positive X (Fish Front),"[252, 238, 360, 370]"
62,004a_Positive X (Fish Front)/bbox-masked_image/image_62_0_bbox-masked.png,bbox-masked,0,004a_Positive X (Fish Front),"[252, 238, 360, 370]"
63,004a_Positive X (Fish Front)/cropped/image_63_0.png,cropped,0,004a_Positive X (Fish Front),"[249, 241, 349, 373]"
63,004a_Positive X (Fish Front)/mask/image_63_0_mask.png,mask,0,004a_Positive X (Fish Front),"[249, 241, 349, 373]"
63,004a_Positive X (Fish Front)/mask_full/image_63_0_mask_full.png,mask_full,0,004a_Positive X (Fish Front),"[249, 241, 349, 373]"
63,004a_Positive X (Fish Front)/bbox-masked_image/image_63_0_bbox-masked.png,bbox-masked,0,004a_Positive X (Fish Front),"[249, 241, 349, 373]"
64,004a_Positive X (Fish Front)/cropped/image_64_0.png,cropped,0,004a_Positive X (Fish Front),"[247, 244, 336, 376]"
64,004a_Positive X (Fish Front)/mask/image_64_0_mask.png,mask,0,004a_Positive X (Fish Front),"[247, 244, 336, 376]"
64,004a_Positive X (Fish Front)/mask_full/image_64_0_mask_full.png,mask_full,0,004a_Positive X (Fish Front),"[247, 244, 336, 376]"
64,004a_Positive X (Fish Front)/bbox-masked_image/image_64_0_bbox-masked.png,bbox-masked,0,004a_Positive X (Fish Front),"[247, 244, 336, 376]"
65,004a_Positive X (Fish Front)/cropped/image_65_0.png,cropped,0,004a_Positive X (Fish Front),"[244, 247, 328, 379]"
65,004a_Positive X (Fish Front)/mask/image_65_0_mask.png,mask,0,004a_Positive X (Fish Front),"[244, 247, 328, 379]"
65,004a_Positive X (Fish Front)/mask_full/image_65_0_mask_full.png,mask_full,0,004a_Positive X (Fish Front),"[244, 247, 328, 379]"
65,004a_Positive X (Fish Front)/bbox-masked_image/image_65_0_bbox-masked.png,bbox-masked,0,004a_Positive X (Fish Front),"[244, 247, 328, 379]"
65,004a_Positive X (Fish Front)/cropped/image_65_1.png,cropped,1,004a_Positive X (Fish Front),"[498, 161, 521, 226]"
65,004a_Positive X (Fish Front)/mask/image_65_1_mask.png,mask,1,004a_Positive X (Fish Front),"[498, 161, 521, 226]"
65,004a_Positive X (Fish Front)/mask_full/image_65_1_mask_full.png,mask_full,1,004a_Positive X (Fish Front),"[498, 161, 521, 226]"
65,004a_Positive X (Fish Front)/bbox-masked_image/image_65_1_bbox-masked.png,bbox-masked,1,004a_Positive X (Fish Front),"[498, 161, 521, 226]"
66,004a_Positive X (Fish Front)/cropped/image_66_0.png,cropped,0,004a_Positive X (Fish Front),"[241, 250, 325, 383]"
66,004a_Positive X (Fish Front)/mask/image_66_0_mask.png,mask,0,004a_Positive X (Fish Front),"[241, 250, 325, 383]"
66,004a_Positive X (Fish Front)/mask_full/image_66_0_mask_full.png,mask_full,0,004a_Positive X (Fish Front),"[241, 250, 325, 383]"
66,004a_Positive X (Fish Front)/bbox-masked_image/image_66_0_bbox-masked.png,bbox-masked,0,004a_Positive X (Fish Front),"[241, 250, 325, 383]"
66,004a_Positive X (Fish Front)/cropped/image_66_1.png,cropped,1,004a_Positive X (Fish Front),"[497, 162, 521, 226]"
66,004a_Positive X (Fish Front)/mask/image_66_1_mask.png,mask,1,004a_Positive X (Fish Front),"[497, 162, 521, 226]"
66,004a_Positive X (Fish Front)/mask_full/image_66_1_mask_full.png,mask_full,1,004a_Positive X (Fish Front),"[497, 162, 521, 226]"
66,004a_Positive X (Fish Front)/bbox-masked_image/image_66_1_bbox-masked.png,bbox-masked,1,004a_Positive X (Fish Front),"[497, 162, 521, 226]"
67,004a_Positive X (Fish Front)/cropped/image_67_0.png,cropped,0,004a_Positive X (Fish Front),"[237, 254, 323, 388]"
67,004a_Positive X (Fish Front)/mask/image_67_0_mask.png,mask,0,004a_Positive X (Fish Front),"[237, 254, 323, 388]"
67,004a_Positive X (Fish Front)/mask_full/image_67_0_mask_full.png,mask_full,0,004a_Positive X (Fish Front),"[237, 254, 323, 388]"
67,004a_Positive X (Fish Front)/bbox-masked_image/image_67_0_bbox-masked.png,bbox-masked,0,004a_Positive X (Fish Front),"[237, 254, 323, 388]"
67,004a_Positive X (Fish Front)/cropped/image_67_1.png,cropped,1,004a_Positive X (Fish Front),"[497, 162, 521, 226]"
67,004a_Positive X (Fish Front)/mask/image_67_1_mask.png,mask,1,004a_Positive X (Fish Front),"[497, 162, 521, 226]"
67,004a_Positive X (Fish Front)/mask_full/image_67_1_mask_full.png,mask_full,1,004a_Positive X (Fish Front),"[497, 162, 521, 226]"
67,004a_Positive X (Fish Front)/bbox-masked_image/image_67_1_bbox-masked.png,bbox-masked,1,004a_Positive X (Fish Front),"[497, 162, 521, 226]"
68,004a_Positive X (Fish Front)/cropped/image_68_0.png,cropped,0,004a_Positive X (Fish Front),"[233, 259, 320, 391]"
68,004a_Positive X (Fish Front)/mask/image_68_0_mask.png,mask,0,004a_Positive X (Fish Front),"[233, 259, 320, 391]"
68,004a_Positive X (Fish Front)/mask_full/image_68_0_mask_full.png,mask_full,0,004a_Positive X (Fish Front),"[233, 259, 320, 391]"
68,004a_Positive X (Fish Front)/bbox-masked_image/image_68_0_bbox-masked.png,bbox-masked,0,004a_Positive X (Fish Front),"[233, 259, 320, 391]"
68,004a_Positive X (Fish Front)/cropped/image_68_1.png,cropped,1,004a_Positive X (Fish Front),"[497, 162, 521, 226]"
68,004a_Positive X (Fish Front)/mask/image_68_1_mask.png,mask,1,004a_Positive X (Fish Front),"[497, 162, 521, 226]"
68,004a_Positive X (Fish Front)/mask_full/image_68_1_mask_full.png,mask_full,1,004a_Positive X (Fish Front),"[497, 162, 521, 226]"
68,004a_Positive X (Fish Front)/bbox-masked_image/image_68_1_bbox-masked.png,bbox-masked,1,004a_Positive X (Fish Front),"[497, 162, 521, 226]"
69,004a_Positive X (Fish Front)/cropped/image_69_0.png,cropped,0,004a_Positive X (Fish Front),"[229, 263, 316, 395]"
69,004a_Positive X (Fish Front)/mask/image_69_0_mask.png,mask,0,004a_Positive X (Fish Front),"[229, 263, 316, 395]"
69,004a_Positive X (Fish Front)/mask_full/image_69_0_mask_full.png,mask_full,0,004a_Positive X (Fish Front),"[229, 263, 316, 395]"
69,004a_Positive X (Fish Front)/bbox-masked_image/image_69_0_bbox-masked.png,bbox-masked,0,004a_Positive X (Fish Front),"[229, 263, 316, 395]"
69,004a_Positive X (Fish Front)/cropped/image_69_1.png,cropped,1,004a_Positive X (Fish Front),"[497, 162, 521, 226]"
69,004a_Positive X (Fish Front)/mask/image_69_1_mask.png,mask,1,004a_Positive X (Fish Front),"[497, 162, 521, 226]"
69,004a_Positive X (Fish Front)/mask_full/image_69_1_mask_full.png,mask_full,1,004a_Positive X (Fish Front),"[497, 162, 521, 226]"
69,004a_Positive X (Fish Front)/bbox-masked_image/image_69_1_bbox-masked.png,bbox-masked,1,004a_Positive X (Fish Front),"[497, 162, 521, 226]"
70,004a_Positive X (Fish Front)/cropped/image_70_0.png,cropped,0,004a_Positive X (Fish Front),"[225, 266, 313, 399]"
70,004a_Positive X (Fish Front)/mask/image_70_0_mask.png,mask,0,004a_Positive X (Fish Front),"[225, 266, 313, 399]"
70,004a_Positive X (Fish Front)/mask_full/image_70_0_mask_full.png,mask_full,0,004a_Positive X (Fish Front),"[225, 266, 313, 399]"
70,004a_Positive X (Fish Front)/bbox-masked_image/image_70_0_bbox-masked.png,bbox-masked,0,004a_Positive X (Fish Front),"[225, 266, 313, 399]"
70,004a_Positive X (Fish Front)/cropped/image_70_1.png,cropped,1,004a_Positive X (Fish Front),"[497, 162, 521, 226]"
70,004a_Positive X (Fish Front)/mask/image_70_1_mask.png,mask,1,004a_Positive X (Fish Front),"[497, 162, 521, 226]"
70,004a_Positive X (Fish Front)/mask_full/image_70_1_mask_full.png,mask_full,1,004a_Positive X (Fish Front),"[497, 162, 521, 226]"
70,004a_Positive X (Fish Front)/bbox-masked_image/image_70_1_bbox-masked.png,bbox-masked,1,004a_Positive X (Fish Front),"[497, 162, 521, 226]"
71,004a_Positive X (Fish Front)/cropped/image_71_0.png,cropped,0,004a_Positive X (Fish Front),"[221, 271, 309, 404]"
71,004a_Positive X (Fish Front)/mask/image_71_0_mask.png,mask,0,004a_Positive X (Fish Front),"[221, 271, 309, 404]"
71,004a_Positive X (Fish Front)/mask_full/image_71_0_mask_full.png,mask_full,0,004a_Positive X (Fish Front),"[221, 271, 309, 404]"
71,004a_Positive X (Fish Front)/bbox-masked_image/image_71_0_bbox-masked.png,bbox-masked,0,004a_Positive X (Fish Front),"[221, 271, 309, 404]"
71,004a_Positive X (Fish Front)/cropped/image_71_1.png,cropped,1,004a_Positive X (Fish Front),"[497, 162, 521, 226]"
71,004a_Positive X (Fish Front)/mask/image_71_1_mask.png,mask,1,004a_Positive X (Fish Front),"[497, 162, 521, 226]"
71,004a_Positive X (Fish Front)/mask_full/image_71_1_mask_full.png,mask_full,1,004a_Positive X (Fish Front),"[497, 162, 521, 226]"
71,004a_Positive X (Fish Front)/bbox-masked_image/image_71_1_bbox-masked.png,bbox-masked,1,004a_Positive X (Fish Front),"[497, 162, 521, 226]"
72,004a_Positive X (Fish Front)/cropped/image_72_0.png,cropped,0,004a_Positive X (Fish Front),"[217, 277, 304, 412]"
72,004a_Positive X (Fish Front)/mask/image_72_0_mask.png,mask,0,004a_Positive X (Fish Front),"[217, 277, 304, 412]"
72,004a_Positive X (Fish Front)/mask_full/image_72_0_mask_full.png,mask_full,0,004a_Positive X (Fish Front),"[217, 277, 304, 412]"
72,004a_Positive X (Fish Front)/bbox-masked_image/image_72_0_bbox-masked.png,bbox-masked,0,004a_Positive X (Fish Front),"[217, 277, 304, 412]"
72,004a_Positive X (Fish Front)/cropped/image_72_1.png,cropped,1,004a_Positive X (Fish Front),"[497, 162, 521, 227]"
72,004a_Positive X (Fish Front)/mask/image_72_1_mask.png,mask,1,004a_Positive X (Fish Front),"[497, 162, 521, 227]"
72,004a_Positive X (Fish Front)/mask_full/image_72_1_mask_full.png,mask_full,1,004a_Positive X (Fish Front),"[497, 162, 521, 227]"
72,004a_Positive X (Fish Front)/bbox-masked_image/image_72_1_bbox-masked.png,bbox-masked,1,004a_Positive X (Fish Front),"[497, 162, 521, 227]"
73,004a_Positive X (Fish Front)/cropped/image_73_0.png,cropped,0,004a_Positive X (Fish Front),"[211, 283, 301, 420]"
73,004a_Positive X (Fish Front)/mask/image_73_0_mask.png,mask,0,004a_Positive X (Fish Front),"[211, 283, 301, 420]"
73,004a_Positive X (Fish Front)/mask_full/image_73_0_mask_full.png,mask_full,0,004a_Positive X (Fish Front),"[211, 283, 301, 420]"
73,004a_Positive X (Fish Front)/bbox-masked_image/image_73_0_bbox-masked.png,bbox-masked,0,004a_Positive X (Fish Front),"[211, 283, 301, 420]"
73,004a_Positive X (Fish Front)/cropped/image_73_1.png,cropped,1,004a_Positive X (Fish Front),"[497, 162, 521, 226]"
73,004a_Positive X (Fish Front)/mask/image_73_1_mask.png,mask,1,004a_Positive X (Fish Front),"[497, 162, 521, 226]"
73,004a_Positive X (Fish Front)/mask_full/image_73_1_mask_full.png,mask_full,1,004a_Positive X (Fish Front),"[497, 162, 521, 226]"
73,004a_Positive X (Fish Front)/bbox-masked_image/image_73_1_bbox-masked.png,bbox-masked,1,004a_Positive X (Fish Front),"[497, 162, 521, 226]"
74,004a_Positive X (Fish Front)/cropped/image_74_0.png,cropped,0,004a_Positive X (Fish Front),"[206, 287, 299, 425]"
74,004a_Positive X (Fish Front)/mask/image_74_0_mask.png,mask,0,004a_Positive X (Fish Front),"[206, 287, 299, 425]"
74,004a_Positive X (Fish Front)/mask_full/image_74_0_mask_full.png,mask_full,0,004a_Positive X (Fish Front),"[206, 287, 299, 425]"
74,004a_Positive X (Fish Front)/bbox-masked_image/image_74_0_bbox-masked.png,bbox-masked,0,004a_Positive X (Fish Front),"[206, 287, 299, 425]"
74,004a_Positive X (Fish Front)/cropped/image_74_1.png,cropped,1,004a_Positive X (Fish Front),"[499, 162, 520, 226]"
74,004a_Positive X (Fish Front)/mask/image_74_1_mask.png,mask,1,004a_Positive X (Fish Front),"[499, 162, 520, 226]"
74,004a_Positive X (Fish Front)/mask_full/image_74_1_mask_full.png,mask_full,1,004a_Positive X (Fish Front),"[499, 162, 520, 226]"
74,004a_Positive X (Fish Front)/bbox-masked_image/image_74_1_bbox-masked.png,bbox-masked,1,004a_Positive X (Fish Front),"[499, 162, 520, 226]"
75,004a_Positive X (Fish Front)/cropped/image_75_0.png,cropped,0,004a_Positive X (Fish Front),"[202, 288, 297, 427]"
75,004a_Positive X (Fish Front)/mask/image_75_0_mask.png,mask,0,004a_Positive X (Fish Front),"[202, 288, 297, 427]"
75,004a_Positive X (Fish Front)/mask_full/image_75_0_mask_full.png,mask_full,0,004a_Positive X (Fish Front),"[202, 288, 297, 427]"
75,004a_Positive X (Fish Front)/bbox-masked_image/image_75_0_bbox-masked.png,bbox-masked,0,004a_Positive X (Fish Front),"[202, 288, 297, 427]"
75,004a_Positive X (Fish Front)/cropped/image_75_1.png,cropped,1,004a_Positive X (Fish Front),"[500, 162, 520, 226]"
75,004a_Positive X (Fish Front)/mask/image_75_1_mask.png,mask,1,004a_Positive X (Fish Front),"[500, 162, 520, 226]"
75,004a_Positive X (Fish Front)/mask_full/image_75_1_mask_full.png,mask_full,1,004a_Positive X (Fish Front),"[500, 162, 520, 226]"
75,004a_Positive X (Fish Front)/bbox-masked_image/image_75_1_bbox-masked.png,bbox-masked,1,004a_Positive X (Fish Front),"[500, 162, 520, 226]"
76,004a_Positive X (Fish Front)/cropped/image_76_0.png,cropped,0,004a_Positive X (Fish Front),"[199, 289, 295, 428]"
76,004a_Positive X (Fish Front)/mask/image_76_0_mask.png,mask,0,004a_Positive X (Fish Front),"[199, 289, 295, 428]"
76,004a_Positive X (Fish Front)/mask_full/image_76_0_mask_full.png,mask_full,0,004a_Positive X (Fish Front),"[199, 289, 295, 428]"
76,004a_Positive X (Fish Front)/bbox-masked_image/image_76_0_bbox-masked.png,bbox-masked,0,004a_Positive X (Fish Front),"[199, 289, 295, 428]"
76,004a_Positive X (Fish Front)/cropped/image_76_1.png,cropped,1,004a_Positive X (Fish Front),"[497, 162, 520, 226]"
76,004a_Positive X (Fish Front)/mask/image_76_1_mask.png,mask,1,004a_Positive X (Fish Front),"[497, 162, 520, 226]"
76,004a_Positive X (Fish Front)/mask_full/image_76_1_mask_full.png,mask_full,1,004a_Positive X (Fish Front),"[497, 162, 520, 226]"
76,004a_Positive X (Fish Front)/bbox-masked_image/image_76_1_bbox-masked.png,bbox-masked,1,004a_Positive X (Fish Front),"[497, 162, 520, 226]"
77,004a_Positive X (Fish Front)/cropped/image_77_0.png,cropped,0,004a_Positive X (Fish Front),"[195, 289, 293, 429]"
77,004a_Positive X (Fish Front)/mask/image_77_0_mask.png,mask,0,004a_Positive X (Fish Front),"[195, 289, 293, 429]"
77,004a_Positive X (Fish Front)/mask_full/image_77_0_mask_full.png,mask_full,0,004a_Positive X (Fish Front),"[195, 289, 293, 429]"
77,004a_Positive X (Fish Front)/bbox-masked_image/image_77_0_bbox-masked.png,bbox-masked,0,004a_Positive X (Fish Front),"[195, 289, 293, 429]"
78,004a_Positive X (Fish Front)/cropped/image_78_0.png,cropped,0,004a_Positive X (Fish Front),"[192, 289, 290, 430]"
78,004a_Positive X (Fish Front)/mask/image_78_0_mask.png,mask,0,004a_Positive X (Fish Front),"[192, 289, 290, 430]"
78,004a_Positive X (Fish Front)/mask_full/image_78_0_mask_full.png,mask_full,0,004a_Positive X (Fish Front),"[192, 289, 290, 430]"
78,004a_Positive X (Fish Front)/bbox-masked_image/image_78_0_bbox-masked.png,bbox-masked,0,004a_Positive X (Fish Front),"[192, 289, 290, 430]"
79,004a_Positive X (Fish Front)/cropped/image_79_0.png,cropped,0,004a_Positive X (Fish Front),"[189, 289, 288, 430]"
79,004a_Positive X (Fish Front)/mask/image_79_0_mask.png,mask,0,004a_Positive X (Fish Front),"[189, 289, 288, 430]"
79,004a_Positive X (Fish Front)/mask_full/image_79_0_mask_full.png,mask_full,0,004a_Positive X (Fish Front),"[189, 289, 288, 430]"
79,004a_Positive X (Fish Front)/bbox-masked_image/image_79_0_bbox-masked.png,bbox-masked,0,004a_Positive X (Fish Front),"[189, 289, 288, 430]"
80,004a_Positive X (Fish Front)/cropped/image_80_0.png,cropped,0,004a_Positive X (Fish Front),"[184, 289, 288, 430]"
80,004a_Positive X (Fish Front)/mask/image_80_0_mask.png,mask,0,004a_Positive X (Fish Front),"[184, 289, 288, 430]"
80,004a_Positive X (Fish Front)/mask_full/image_80_0_mask_full.png,mask_full,0,004a_Positive X (Fish Front),"[184, 289, 288, 430]"
80,004a_Positive X (Fish Front)/bbox-masked_image/image_80_0_bbox-masked.png,bbox-masked,0,004a_Positive X (Fish Front),"[184, 289, 288, 430]"
81,004a_Positive X (Fish Front)/cropped/image_81_0.png,cropped,0,004a_Positive X (Fish Front),"[177, 289, 302, 431]"
81,004a_Positive X (Fish Front)/mask/image_81_0_mask.png,mask,0,004a_Positive X (Fish Front),"[177, 289, 302, 431]"
81,004a_Positive X (Fish Front)/mask_full/image_81_0_mask_full.png,mask_full,0,004a_Positive X (Fish Front),"[177, 289, 302, 431]"
81,004a_Positive X (Fish Front)/bbox-masked_image/image_81_0_bbox-masked.png,bbox-masked,0,004a_Positive X (Fish Front),"[177, 289, 302, 431]"
82,004a_Positive X (Fish Front)/cropped/image_82_0.png,cropped,0,004a_Positive X (Fish Front),"[171, 289, 331, 431]"
82,004a_Positive X (Fish Front)/mask/image_82_0_mask.png,mask,0,004a_Positive X (Fish Front),"[171, 289, 331, 431]"
82,004a_Positive X (Fish Front)/mask_full/image_82_0_mask_full.png,mask_full,0,004a_Positive X (Fish Front),"[171, 289, 331, 431]"
82,004a_Positive X (Fish Front)/bbox-masked_image/image_82_0_bbox-masked.png,bbox-masked,0,004a_Positive X (Fish Front),"[171, 289, 331, 431]"
83,004a_Positive X (Fish Front)/cropped/image_83_0.png,cropped,0,004a_Positive X (Fish Front),"[165, 287, 359, 432]"
83,004a_Positive X (Fish Front)/mask/image_83_0_mask.png,mask,0,004a_Positive X (Fish Front),"[165, 287, 359, 432]"
83,004a_Positive X (Fish Front)/mask_full/image_83_0_mask_full.png,mask_full,0,004a_Positive X (Fish Front),"[165, 287, 359, 432]"
83,004a_Positive X (Fish Front)/bbox-masked_image/image_83_0_bbox-masked.png,bbox-masked,0,004a_Positive X (Fish Front),"[165, 287, 359, 432]"
84,004a_Positive X (Fish Front)/cropped/image_84_0.png,cropped,0,004a_Positive X (Fish Front),"[158, 287, 383, 432]"
84,004a_Positive X (Fish Front)/mask/image_84_0_mask.png,mask,0,004a_Positive X (Fish Front),"[158, 287, 383, 432]"
84,004a_Positive X (Fish Front)/mask_full/image_84_0_mask_full.png,mask_full,0,004a_Positive X (Fish Front),"[158, 287, 383, 432]"
84,004a_Positive X (Fish Front)/bbox-masked_image/image_84_0_bbox-masked.png,bbox-masked,0,004a_Positive X (Fish Front),"[158, 287, 383, 432]"
85,004a_Positive X (Fish Front)/cropped/image_85_0.png,cropped,0,004a_Positive X (Fish Front),"[151, 288, 391, 432]"
85,004a_Positive X (Fish Front)/mask/image_85_0_mask.png,mask,0,004a_Positive X (Fish Front),"[151, 288, 391, 432]"
85,004a_Positive X (Fish Front)/mask_full/image_85_0_mask_full.png,mask_full,0,004a_Positive X (Fish Front),"[151, 288, 391, 432]"
85,004a_Positive X (Fish Front)/bbox-masked_image/image_85_0_bbox-masked.png,bbox-masked,0,004a_Positive X (Fish Front),"[151, 288, 391, 432]"
86,004a_Positive X (Fish Front)/cropped/image_86_0.png,cropped,0,004a_Positive X (Fish Front),"[146, 288, 387, 434]"
86,004a_Positive X (Fish Front)/mask/image_86_0_mask.png,mask,0,004a_Positive X (Fish Front),"[146, 288, 387, 434]"
86,004a_Positive X (Fish Front)/mask_full/image_86_0_mask_full.png,mask_full,0,004a_Positive X (Fish Front),"[146, 288, 387, 434]"
86,004a_Positive X (Fish Front)/bbox-masked_image/image_86_0_bbox-masked.png,bbox-masked,0,004a_Positive X (Fish Front),"[146, 288, 387, 434]"
87,004a_Positive X (Fish Front)/cropped/image_87_0.png,cropped,0,004a_Positive X (Fish Front),"[141, 288, 386, 435]"
87,004a_Positive X (Fish Front)/mask/image_87_0_mask.png,mask,0,004a_Positive X (Fish Front),"[141, 288, 386, 435]"
87,004a_Positive X (Fish Front)/mask_full/image_87_0_mask_full.png,mask_full,0,004a_Positive X (Fish Front),"[141, 288, 386, 435]"
87,004a_Positive X (Fish Front)/bbox-masked_image/image_87_0_bbox-masked.png,bbox-masked,0,004a_Positive X (Fish Front),"[141, 288, 386, 435]"
88,004a_Positive X (Fish Front)/cropped/image_88_0.png,cropped,0,004a_Positive X (Fish Front),"[135, 289, 385, 435]"
88,004a_Positive X (Fish Front)/mask/image_88_0_mask.png,mask,0,004a_Positive X (Fish Front),"[135, 289, 385, 435]"
88,004a_Positive X (Fish Front)/mask_full/image_88_0_mask_full.png,mask_full,0,004a_Positive X (Fish Front),"[135, 289, 385, 435]"
88,004a_Positive X (Fish Front)/bbox-masked_image/image_88_0_bbox-masked.png,bbox-masked,0,004a_Positive X (Fish Front),"[135, 289, 385, 435]"
89,004a_Positive X (Fish Front)/cropped/image_89_0.png,cropped,0,004a_Positive X (Fish Front),"[130, 289, 383, 436]"
89,004a_Positive X (Fish Front)/mask/image_89_0_mask.png,mask,0,004a_Positive X (Fish Front),"[130, 289, 383, 436]"
89,004a_Positive X (Fish Front)/mask_full/image_89_0_mask_full.png,mask_full,0,004a_Positive X (Fish Front),"[130, 289, 383, 436]"
89,004a_Positive X (Fish Front)/bbox-masked_image/image_89_0_bbox-masked.png,bbox-masked,0,004a_Positive X (Fish Front),"[130, 289, 383, 436]"
90,004a_Positive X (Fish Front)/cropped/image_90_0.png,cropped,0,004a_Positive X (Fish Front),"[125, 289, 377, 436]"
90,004a_Positive X (Fish Front)/mask/image_90_0_mask.png,mask,0,004a_Positive X (Fish Front),"[125, 289, 377, 436]"
90,004a_Positive X (Fish Front)/mask_full/image_90_0_mask_full.png,mask_full,0,004a_Positive X (Fish Front),"[125, 289, 377, 436]"
90,004a_Positive X (Fish Front)/bbox-masked_image/image_90_0_bbox-masked.png,bbox-masked,0,004a_Positive X (Fish Front),"[125, 289, 377, 436]"
91,004a_Positive X (Fish Front)/cropped/image_91_0.png,cropped,0,004a_Positive X (Fish Front),"[120, 289, 369, 436]"
91,004a_Positive X (Fish Front)/mask/image_91_0_mask.png,mask,0,004a_Positive X (Fish Front),"[120, 289, 369, 436]"
91,004a_Positive X (Fish Front)/mask_full/image_91_0_mask_full.png,mask_full,0,004a_Positive X (Fish Front),"[120, 289, 369, 436]"
91,004a_Positive X (Fish Front)/bbox-masked_image/image_91_0_bbox-masked.png,bbox-masked,0,004a_Positive X (Fish Front),"[120, 289, 369, 436]"
92,004a_Positive X (Fish Front)/cropped/image_92_0.png,cropped,0,004a_Positive X (Fish Front),"[115, 288, 356, 436]"
92,004a_Positive X (Fish Front)/mask/image_92_0_mask.png,mask,0,004a_Positive X (Fish Front),"[115, 288, 356, 436]"
92,004a_Positive X (Fish Front)/mask_full/image_92_0_mask_full.png,mask_full,0,004a_Positive X (Fish Front),"[115, 288, 356, 436]"
92,004a_Positive X (Fish Front)/bbox-masked_image/image_92_0_bbox-masked.png,bbox-masked,0,004a_Positive X (Fish Front),"[115, 288, 356, 436]"
93,004a_Positive X (Fish Front)/cropped/image_93_0.png,cropped,0,004a_Positive X (Fish Front),"[109, 288, 341, 436]"
93,004a_Positive X (Fish Front)/mask/image_93_0_mask.png,mask,0,004a_Positive X (Fish Front),"[109, 288, 341, 436]"
93,004a_Positive X (Fish Front)/mask_full/image_93_0_mask_full.png,mask_full,0,004a_Positive X (Fish Front),"[109, 288, 341, 436]"
93,004a_Positive X (Fish Front)/bbox-masked_image/image_93_0_bbox-masked.png,bbox-masked,0,004a_Positive X (Fish Front),"[109, 288, 341, 436]"
94,004a_Positive X (Fish Front)/cropped/image_94_0.png,cropped,0,004a_Positive X (Fish Front),"[100, 288, 317, 436]"
94,004a_Positive X (Fish Front)/mask/image_94_0_mask.png,mask,0,004a_Positive X (Fish Front),"[100, 288, 317, 436]"
94,004a_Positive X (Fish Front)/mask_full/image_94_0_mask_full.png,mask_full,0,004a_Positive X (Fish Front),"[100, 288, 317, 436]"
94,004a_Positive X (Fish Front)/bbox-masked_image/image_94_0_bbox-masked.png,bbox-masked,0,004a_Positive X (Fish Front),"[100, 288, 317, 436]"
96,004a_Positive X (Fish Front)/cropped/image_96_0.png,cropped,0,004a_Positive X (Fish Front),"[81, 282, 258, 433]"
96,004a_Positive X (Fish Front)/mask/image_96_0_mask.png,mask,0,004a_Positive X (Fish Front),"[81, 282, 258, 433]"
96,004a_Positive X (Fish Front)/mask_full/image_96_0_mask_full.png,mask_full,0,004a_Positive X (Fish Front),"[81, 282, 258, 433]"
96,004a_Positive X (Fish Front)/bbox-masked_image/image_96_0_bbox-masked.png,bbox-masked,0,004a_Positive X (Fish Front),"[81, 282, 258, 433]"
97,004a_Positive X (Fish Front)/cropped/image_97_0.png,cropped,0,004a_Positive X (Fish Front),"[68, 279, 224, 431]"
97,004a_Positive X (Fish Front)/mask/image_97_0_mask.png,mask,0,004a_Positive X (Fish Front),"[68, 279, 224, 431]"
97,004a_Positive X (Fish Front)/mask_full/image_97_0_mask_full.png,mask_full,0,004a_Positive X (Fish Front),"[68, 279, 224, 431]"
97,004a_Positive X (Fish Front)/bbox-masked_image/image_97_0_bbox-masked.png,bbox-masked,0,004a_Positive X (Fish Front),"[68, 279, 224, 431]"
98,004a_Positive X (Fish Front)/cropped/image_98_0.png,cropped,0,004a_Positive X (Fish Front),"[58, 275, 190, 427]"
98,004a_Positive X (Fish Front)/mask/image_98_0_mask.png,mask,0,004a_Positive X (Fish Front),"[58, 275, 190, 427]"
98,004a_Positive X (Fish Front)/mask_full/image_98_0_mask_full.png,mask_full,0,004a_Positive X (Fish Front),"[58, 275, 190, 427]"
98,004a_Positive X (Fish Front)/bbox-masked_image/image_98_0_bbox-masked.png,bbox-masked,0,004a_Positive X (Fish Front),"[58, 275, 190, 427]"
99,004a_Positive X (Fish Front)/cropped/image_99_0.png,cropped,0,004a_Positive X (Fish Front),"[49, 269, 168, 424]"
99,004a_Positive X (Fish Front)/mask/image_99_0_mask.png,mask,0,004a_Positive X (Fish Front),"[49, 269, 168, 424]"
99,004a_Positive X (Fish Front)/mask_full/image_99_0_mask_full.png,mask_full,0,004a_Positive X (Fish Front),"[49, 269, 168, 424]"
99,004a_Positive X (Fish Front)/bbox-masked_image/image_99_0_bbox-masked.png,bbox-masked,0,004a_Positive X (Fish Front),"[49, 269, 168, 424]"
100,004a_Positive X (Fish Front)/cropped/image_100_0.png,cropped,0,004a_Positive X (Fish Front),"[41, 262, 160, 419]"
100,004a_Positive X (Fish Front)/mask/image_100_0_mask.png,mask,0,004a_Positive X (Fish Front),"[41, 262, 160, 419]"
100,004a_Positive X (Fish Front)/mask_full/image_100_0_mask_full.png,mask_full,0,004a_Positive X (Fish Front),"[41, 262, 160, 419]"
100,004a_Positive X (Fish Front)/bbox-masked_image/image_100_0_bbox-masked.png,bbox-masked,0,004a_Positive X (Fish Front),"[41, 262, 160, 419]"
101,004a_Positive X (Fish Front)/cropped/image_101_0.png,cropped,0,004a_Positive X (Fish Front),"[38, 254, 155, 413]"
101,004a_Positive X (Fish Front)/mask/image_101_0_mask.png,mask,0,004a_Positive X (Fish Front),"[38, 254, 155, 413]"
101,004a_Positive X (Fish Front)/mask_full/image_101_0_mask_full.png,mask_full,0,004a_Positive X (Fish Front),"[38, 254, 155, 413]"
101,004a_Positive X (Fish Front)/bbox-masked_image/image_101_0_bbox-masked.png,bbox-masked,0,004a_Positive X (Fish Front),"[38, 254, 155, 413]"
102,004a_Positive X (Fish Front)/cropped/image_102_0.png,cropped,0,004a_Positive X (Fish Front),"[35, 248, 154, 405]"
102,004a_Positive X (Fish Front)/mask/image_102_0_mask.png,mask,0,004a_Positive X (Fish Front),"[35, 248, 154, 405]"
102,004a_Positive X (Fish Front)/mask_full/image_102_0_mask_full.png,mask_full,0,004a_Positive X (Fish Front),"[35, 248, 154, 405]"
102,004a_Positive X (Fish Front)/bbox-masked_image/image_102_0_bbox-masked.png,bbox-masked,0,004a_Positive X (Fish Front),"[35, 248, 154, 405]"
103,004a_Positive X (Fish Front)/cropped/image_103_0.png,cropped,0,004a_Positive X (Fish Front),"[37, 240, 154, 399]"
103,004a_Positive X (Fish Front)/mask/image_103_0_mask.png,mask,0,004a_Positive X (Fish Front),"[37, 240, 154, 399]"
103,004a_Positive X (Fish Front)/mask_full/image_103_0_mask_full.png,mask_full,0,004a_Positive X (Fish Front),"[37, 240, 154, 399]"
103,004a_Positive X (Fish Front)/bbox-masked_image/image_103_0_bbox-masked.png,bbox-masked,0,004a_Positive X (Fish Front),"[37, 240, 154, 399]"
104,004a_Positive X (Fish Front)/cropped/image_104_0.png,cropped,0,004a_Positive X (Fish Front),"[39, 231, 156, 392]"
104,004a_Positive X (Fish Front)/mask/image_104_0_mask.png,mask,0,004a_Positive X (Fish Front),"[39, 231, 156, 392]"
104,004a_Positive X (Fish Front)/mask_full/image_104_0_mask_full.png,mask_full,0,004a_Positive X (Fish Front),"[39, 231, 156, 392]"
104,004a_Positive X (Fish Front)/bbox-masked_image/image_104_0_bbox-masked.png,bbox-masked,0,004a_Positive X (Fish Front),"[39, 231, 156, 392]"
105,004a_Positive X (Fish Front)/cropped/image_105_0.png,cropped,0,004a_Positive X (Fish Front),"[42, 224, 160, 385]"
105,004a_Positive X (Fish Front)/mask/image_105_0_mask.png,mask,0,004a_Positive X (Fish Front),"[42, 224, 160, 385]"
105,004a_Positive X (Fish Front)/mask_full/image_105_0_mask_full.png,mask_full,0,004a_Positive X (Fish Front),"[42, 224, 160, 385]"
105,004a_Positive X (Fish Front)/bbox-masked_image/image_105_0_bbox-masked.png,bbox-masked,0,004a_Positive X (Fish Front),"[42, 224, 160, 385]"
105,004a_Positive X (Fish Front)/cropped/image_105_1.png,cropped,1,004a_Positive X (Fish Front),"[440, 161, 458, 226]"
105,004a_Positive X (Fish Front)/mask/image_105_1_mask.png,mask,1,004a_Positive X (Fish Front),"[440, 161, 458, 226]"
105,004a_Positive X (Fish Front)/mask_full/image_105_1_mask_full.png,mask_full,1,004a_Positive X (Fish Front),"[440, 161, 458, 226]"
105,004a_Positive X (Fish Front)/bbox-masked_image/image_105_1_bbox-masked.png,bbox-masked,1,004a_Positive X (Fish Front),"[440, 161, 458, 226]"
106,004a_Positive X (Fish Front)/cropped/image_106_0.png,cropped,0,004a_Positive X (Fish Front),"[47, 217, 163, 377]"
106,004a_Positive X (Fish Front)/mask/image_106_0_mask.png,mask,0,004a_Positive X (Fish Front),"[47, 217, 163, 377]"
106,004a_Positive X (Fish Front)/mask_full/image_106_0_mask_full.png,mask_full,0,004a_Positive X (Fish Front),"[47, 217, 163, 377]"
106,004a_Positive X (Fish Front)/bbox-masked_image/image_106_0_bbox-masked.png,bbox-masked,0,004a_Positive X (Fish Front),"[47, 217, 163, 377]"
106,004a_Positive X (Fish Front)/cropped/image_106_1.png,cropped,1,004a_Positive X (Fish Front),"[421, 162, 441, 226]"
106,004a_Positive X (Fish Front)/mask/image_106_1_mask.png,mask,1,004a_Positive X (Fish Front),"[421, 162, 441, 226]"
106,004a_Positive X (Fish Front)/mask_full/image_106_1_mask_full.png,mask_full,1,004a_Positive X (Fish Front),"[421, 162, 441, 226]"
106,004a_Positive X (Fish Front)/bbox-masked_image/image_106_1_bbox-masked.png,bbox-masked,1,004a_Positive X (Fish Front),"[421, 162, 441, 226]"
107,004a_Positive X (Fish Front)/cropped/image_107_0.png,cropped,0,004a_Positive X (Fish Front),"[52, 209, 168, 370]"
107,004a_Positive X (Fish Front)/mask/image_107_0_mask.png,mask,0,004a_Positive X (Fish Front),"[52, 209, 168, 370]"
107,004a_Positive X (Fish Front)/mask_full/image_107_0_mask_full.png,mask_full,0,004a_Positive X (Fish Front),"[52, 209, 168, 370]"
107,004a_Positive X (Fish Front)/bbox-masked_image/image_107_0_bbox-masked.png,bbox-masked,0,004a_Positive X (Fish Front),"[52, 209, 168, 370]"
107,004a_Positive X (Fish Front)/cropped/image_107_1.png,cropped,1,004a_Positive X (Fish Front),"[404, 162, 422, 225]"
107,004a_Positive X (Fish Front)/mask/image_107_1_mask.png,mask,1,004a_Positive X (Fish Front),"[404, 162, 422, 225]"
107,004a_Positive X (Fish Front)/mask_full/image_107_1_mask_full.png,mask_full,1,004a_Positive X (Fish Front),"[404, 162, 422, 225]"
107,004a_Positive X (Fish Front)/bbox-masked_image/image_107_1_bbox-masked.png,bbox-masked,1,004a_Positive X (Fish Front),"[404, 162, 422, 225]"
108,004a_Positive X (Fish Front)/cropped/image_108_0.png,cropped,0,004a_Positive X (Fish Front),"[58, 202, 174, 364]"
108,004a_Positive X (Fish Front)/mask/image_108_0_mask.png,mask,0,004a_Positive X (Fish Front),"[58, 202, 174, 364]"
108,004a_Positive X (Fish Front)/mask_full/image_108_0_mask_full.png,mask_full,0,004a_Positive X (Fish Front),"[58, 202, 174, 364]"
108,004a_Positive X (Fish Front)/bbox-masked_image/image_108_0_bbox-masked.png,bbox-masked,0,004a_Positive X (Fish Front),"[58, 202, 174, 364]"
108,004a_Positive X (Fish Front)/cropped/image_108_1.png,cropped,1,004a_Positive X (Fish Front),"[388, 162, 410, 227]"
108,004a_Positive X (Fish Front)/mask/image_108_1_mask.png,mask,1,004a_Positive X (Fish Front),"[388, 162, 410, 227]"
108,004a_Positive X (Fish Front)/mask_full/image_108_1_mask_full.png,mask_full,1,004a_Positive X (Fish Front),"[388, 162, 410, 227]"
108,004a_Positive X (Fish Front)/bbox-masked_image/image_108_1_bbox-masked.png,bbox-masked,1,004a_Positive X (Fish Front),"[388, 162, 410, 227]"
109,004a_Positive X (Fish Front)/cropped/image_109_0.png,cropped,0,004a_Positive X (Fish Front),"[64, 196, 179, 357]"
109,004a_Positive X (Fish Front)/mask/image_109_0_mask.png,mask,0,004a_Positive X (Fish Front),"[64, 196, 179, 357]"
109,004a_Positive X (Fish Front)/mask_full/image_109_0_mask_full.png,mask_full,0,004a_Positive X (Fish Front),"[64, 196, 179, 357]"
109,004a_Positive X (Fish Front)/bbox-masked_image/image_109_0_bbox-masked.png,bbox-masked,0,004a_Positive X (Fish Front),"[64, 196, 179, 357]"
110,004a_Positive X (Fish Front)/cropped/image_110_0.png,cropped,0,004a_Positive X (Fish Front),"[70, 190, 185, 351]"
110,004a_Positive X (Fish Front)/mask/image_110_0_mask.png,mask,0,004a_Positive X (Fish Front),"[70, 190, 185, 351]"
110,004a_Positive X (Fish Front)/mask_full/image_110_0_mask_full.png,mask_full,0,004a_Positive X (Fish Front),"[70, 190, 185, 351]"
110,004a_Positive X (Fish Front)/bbox-masked_image/image_110_0_bbox-masked.png,bbox-masked,0,004a_Positive X (Fish Front),"[70, 190, 185, 351]"
110,004a_Positive X (Fish Front)/cropped/image_110_1.png,cropped,1,004a_Positive X (Fish Front),"[376, 162, 396, 226]"
110,004a_Positive X (Fish Front)/mask/image_110_1_mask.png,mask,1,004a_Positive X (Fish Front),"[376, 162, 396, 226]"
110,004a_Positive X (Fish Front)/mask_full/image_110_1_mask_full.png,mask_full,1,004a_Positive X (Fish Front),"[376, 162, 396, 226]"
110,004a_Positive X (Fish Front)/bbox-masked_image/image_110_1_bbox-masked.png,bbox-masked,1,004a_Positive X (Fish Front),"[376, 162, 396, 226]"
111,004a_Positive X (Fish Front)/cropped/image_111_0.png,cropped,0,004a_Positive X (Fish Front),"[75, 183, 220, 346]"
111,004a_Positive X (Fish Front)/mask/image_111_0_mask.png,mask,0,004a_Positive X (Fish Front),"[75, 183, 220, 346]"
111,004a_Positive X (Fish Front)/mask_full/image_111_0_mask_full.png,mask_full,0,004a_Positive X (Fish Front),"[75, 183, 220, 346]"
111,004a_Positive X (Fish Front)/bbox-masked_image/image_111_0_bbox-masked.png,bbox-masked,0,004a_Positive X (Fish Front),"[75, 183, 220, 346]"
112,004a_Positive X (Fish Front)/cropped/image_112_0.png,cropped,0,004a_Positive X (Fish Front),"[79, 178, 335, 341]"
112,004a_Positive X (Fish Front)/mask/image_112_0_mask.png,mask,0,004a_Positive X (Fish Front),"[79, 178, 335, 341]"
112,004a_Positive X (Fish Front)/mask_full/image_112_0_mask_full.png,mask_full,0,004a_Positive X (Fish Front),"[79, 178, 335, 341]"
112,004a_Positive X (Fish Front)/bbox-masked_image/image_112_0_bbox-masked.png,bbox-masked,0,004a_Positive X (Fish Front),"[79, 178, 335, 341]"
112,004a_Positive X (Fish Front)/cropped/image_112_1.png,cropped,1,004a_Positive X (Fish Front),"[388, 162, 409, 226]"
112,004a_Positive X (Fish Front)/mask/image_112_1_mask.png,mask,1,004a_Positive X (Fish Front),"[388, 162, 409, 226]"
112,004a_Positive X (Fish Front)/mask_full/image_112_1_mask_full.png,mask_full,1,004a_Positive X (Fish Front),"[388, 162, 409, 226]"
112,004a_Positive X (Fish Front)/bbox-masked_image/image_112_1_bbox-masked.png,bbox-masked,1,004a_Positive X (Fish Front),"[388, 162, 409, 226]"
113,004a_Positive X (Fish Front)/cropped/image_113_0.png,cropped,0,004a_Positive X (Fish Front),"[83, 174, 342, 337]"
113,004a_Positive X (Fish Front)/mask/image_113_0_mask.png,mask,0,004a_Positive X (Fish Front),"[83, 174, 342, 337]"
113,004a_Positive X (Fish Front)/mask_full/image_113_0_mask_full.png,mask_full,0,004a_Positive X (Fish Front),"[83, 174, 342, 337]"
113,004a_Positive X (Fish Front)/bbox-masked_image/image_113_0_bbox-masked.png,bbox-masked,0,004a_Positive X (Fish Front),"[83, 174, 342, 337]"
113,004a_Positive X (Fish Front)/cropped/image_113_1.png,cropped,1,004a_Positive X (Fish Front),"[404, 162, 422, 226]"
113,004a_Positive X (Fish Front)/mask/image_113_1_mask.png,mask,1,004a_Positive X (Fish Front),"[404, 162, 422, 226]"
113,004a_Positive X (Fish Front)/mask_full/image_113_1_mask_full.png,mask_full,1,004a_Positive X (Fish Front),"[404, 162, 422, 226]"
113,004a_Positive X (Fish Front)/bbox-masked_image/image_113_1_bbox-masked.png,bbox-masked,1,004a_Positive X (Fish Front),"[404, 162, 422, 226]"
114,004a_Positive X (Fish Front)/cropped/image_114_0.png,cropped,0,004a_Positive X (Fish Front),"[85, 171, 374, 334]"
114,004a_Positive X (Fish Front)/mask/image_114_0_mask.png,mask,0,004a_Positive X (Fish Front),"[85, 171, 374, 334]"
114,004a_Positive X (Fish Front)/mask_full/image_114_0_mask_full.png,mask_full,0,004a_Positive X (Fish Front),"[85, 171, 374, 334]"
114,004a_Positive X (Fish Front)/bbox-masked_image/image_114_0_bbox-masked.png,bbox-masked,0,004a_Positive X (Fish Front),"[85, 171, 374, 334]"
114,004a_Positive X (Fish Front)/cropped/image_114_1.png,cropped,1,004a_Positive X (Fish Front),"[420, 162, 441, 226]"
114,004a_Positive X (Fish Front)/mask/image_114_1_mask.png,mask,1,004a_Positive X (Fish Front),"[420, 162, 441, 226]"
114,004a_Positive X (Fish Front)/mask_full/image_114_1_mask_full.png,mask_full,1,004a_Positive X (Fish Front),"[420, 162, 441, 226]"
114,004a_Positive X (Fish Front)/bbox-masked_image/image_114_1_bbox-masked.png,bbox-masked,1,004a_Positive X (Fish Front),"[420, 162, 441, 226]"
115,004a_Positive X (Fish Front)/cropped/image_115_0.png,cropped,0,004a_Positive X (Fish Front),"[85, 167, 323, 331]"
115,004a_Positive X (Fish Front)/mask/image_115_0_mask.png,mask,0,004a_Positive X (Fish Front),"[85, 167, 323, 331]"
115,004a_Positive X (Fish Front)/mask_full/image_115_0_mask_full.png,mask_full,0,004a_Positive X (Fish Front),"[85, 167, 323, 331]"
115,004a_Positive X (Fish Front)/bbox-masked_image/image_115_0_bbox-masked.png,bbox-masked,0,004a_Positive X (Fish Front),"[85, 167, 323, 331]"
115,004a_Positive X (Fish Front)/cropped/image_115_1.png,cropped,1,004a_Positive X (Fish Front),"[440, 161, 458, 226]"
115,004a_Positive X (Fish Front)/mask/image_115_1_mask.png,mask,1,004a_Positive X (Fish Front),"[440, 161, 458, 226]"
115,004a_Positive X (Fish Front)/mask_full/image_115_1_mask_full.png,mask_full,1,004a_Positive X (Fish Front),"[440, 161, 458, 226]"
115,004a_Positive X (Fish Front)/bbox-masked_image/image_115_1_bbox-masked.png,bbox-masked,1,004a_Positive X (Fish Front),"[440, 161, 458, 226]"
116,004a_Positive X (Fish Front)/cropped/image_116_0.png,cropped,0,004a_Positive X (Fish Front),"[83, 165, 332, 327]"
116,004a_Positive X (Fish Front)/mask/image_116_0_mask.png,mask,0,004a_Positive X (Fish Front),"[83, 165, 332, 327]"
116,004a_Positive X (Fish Front)/mask_full/image_116_0_mask_full.png,mask_full,0,004a_Positive X (Fish Front),"[83, 165, 332, 327]"
116,004a_Positive X (Fish Front)/bbox-masked_image/image_116_0_bbox-masked.png,bbox-masked,0,004a_Positive X (Fish Front),"[83, 165, 332, 327]"
117,004a_Positive X (Fish Front)/cropped/image_117_0.png,cropped,0,004a_Positive X (Fish Front),"[75, 161, 348, 326]"
117,004a_Positive X (Fish Front)/mask/image_117_0_mask.png,mask,0,004a_Positive X (Fish Front),"[75, 161, 348, 326]"
117,004a_Positive X (Fish Front)/mask_full/image_117_0_mask_full.png,mask_full,0,004a_Positive X (Fish Front),"[75, 161, 348, 326]"
117,004a_Positive X (Fish Front)/bbox-masked_image/image_117_0_bbox-masked.png,bbox-masked,0,004a_Positive X (Fish Front),"[75, 161, 348, 326]"
118,004a_Positive X (Fish Front)/cropped/image_118_0.png,cropped,0,004a_Positive X (Fish Front),"[67, 157, 369, 326]"
118,004a_Positive X (Fish Front)/mask/image_118_0_mask.png,mask,0,004a_Positive X (Fish Front),"[67, 157, 369, 326]"
118,004a_Positive X (Fish Front)/mask_full/image_118_0_mask_full.png,mask_full,0,004a_Positive X (Fish Front),"[67, 157, 369, 326]"
118,004a_Positive X (Fish Front)/bbox-masked_image/image_118_0_bbox-masked.png,bbox-masked,0,004a_Positive X (Fish Front),"[67, 157, 369, 326]"
119,004a_Positive X (Fish Front)/cropped/image_119_0.png,cropped,0,004a_Positive X (Fish Front),"[61, 153, 370, 328]"
119,004a_Positive X (Fish Front)/mask/image_119_0_mask.png,mask,0,004a_Positive X (Fish Front),"[61, 153, 370, 328]"
119,004a_Positive X (Fish Front)/mask_full/image_119_0_mask_full.png,mask_full,0,004a_Positive X (Fish Front),"[61, 153, 370, 328]"
119,004a_Positive X (Fish Front)/bbox-masked_image/image_119_0_bbox-masked.png,bbox-masked,0,004a_Positive X (Fish Front),"[61, 153, 370, 328]"
119,004a_Positive X (Fish Front)/cropped/image_119_1.png,cropped,1,004a_Positive X (Fish Front),"[497, 162, 515, 226]"
119,004a_Positive X (Fish Front)/mask/image_119_1_mask.png,mask,1,004a_Positive X (Fish Front),"[497, 162, 515, 226]"
119,004a_Positive X (Fish Front)/mask_full/image_119_1_mask_full.png,mask_full,1,004a_Positive X (Fish Front),"[497, 162, 515, 226]"
119,004a_Positive X (Fish Front)/bbox-masked_image/image_119_1_bbox-masked.png,bbox-masked,1,004a_Positive X (Fish Front),"[497, 162, 515, 226]"
120,004a_Positive X (Fish Front)/cropped/image_120_0.png,cropped,0,004a_Positive X (Fish Front),"[57, 150, 345, 330]"
120,004a_Positive X (Fish Front)/mask/image_120_0_mask.png,mask,0,004a_Positive X (Fish Front),"[57, 150, 345, 330]"
120,004a_Positive X (Fish Front)/mask_full/image_120_0_mask_full.png,mask_full,0,004a_Positive X (Fish Front),"[57, 150, 345, 330]"
120,004a_Positive X (Fish Front)/bbox-masked_image/image_120_0_bbox-masked.png,bbox-masked,0,004a_Positive X (Fish Front),"[57, 150, 345, 330]"
121,004a_Positive X (Fish Front)/cropped/image_121_0.png,cropped,0,004a_Positive X (Fish Front),"[58, 149, 332, 330]"
121,004a_Positive X (Fish Front)/mask/image_121_0_mask.png,mask,0,004a_Positive X (Fish Front),"[58, 149, 332, 330]"
121,004a_Positive X (Fish Front)/mask_full/image_121_0_mask_full.png,mask_full,0,004a_Positive X (Fish Front),"[58, 149, 332, 330]"
121,004a_Positive X (Fish Front)/bbox-masked_image/image_121_0_bbox-masked.png,bbox-masked,0,004a_Positive X (Fish Front),"[58, 149, 332, 330]"
122,004a_Positive X (Fish Front)/cropped/image_122_0.png,cropped,0,004a_Positive X (Fish Front),"[61, 151, 318, 329]"
122,004a_Positive X (Fish Front)/mask/image_122_0_mask.png,mask,0,004a_Positive X (Fish Front),"[61, 151, 318, 329]"
122,004a_Positive X (Fish Front)/mask_full/image_122_0_mask_full.png,mask_full,0,004a_Positive X (Fish Front),"[61, 151, 318, 329]"
122,004a_Positive X (Fish Front)/bbox-masked_image/image_122_0_bbox-masked.png,bbox-masked,0,004a_Positive X (Fish Front),"[61, 151, 318, 329]"
123,004a_Positive X (Fish Front)/cropped/image_123_0.png,cropped,0,004a_Positive X (Fish Front),"[63, 151, 286, 330]"
123,004a_Positive X (Fish Front)/mask/image_123_0_mask.png,mask,0,004a_Positive X (Fish Front),"[63, 151, 286, 330]"
123,004a_Positive X (Fish Front)/mask_full/image_123_0_mask_full.png,mask_full,0,004a_Positive X (Fish Front),"[63, 151, 286, 330]"
123,004a_Positive X (Fish Front)/bbox-masked_image/image_123_0_bbox-masked.png,bbox-masked,0,004a_Positive X (Fish Front),"[63, 151, 286, 330]"
124,004a_Positive X (Fish Front)/cropped/image_124_0.png,cropped,0,004a_Positive X (Fish Front),"[65, 152, 260, 330]"
124,004a_Positive X (Fish Front)/mask/image_124_0_mask.png,mask,0,004a_Positive X (Fish Front),"[65, 152, 260, 330]"
124,004a_Positive X (Fish Front)/mask_full/image_124_0_mask_full.png,mask_full,0,004a_Positive X (Fish Front),"[65, 152, 260, 330]"
124,004a_Positive X (Fish Front)/bbox-masked_image/image_124_0_bbox-masked.png,bbox-masked,0,004a_Positive X (Fish Front),"[65, 152, 260, 330]"
125,004a_Positive X (Fish Front)/cropped/image_125_0.png,cropped,0,004a_Positive X (Fish Front),"[66, 152, 253, 330]"
125,004a_Positive X (Fish Front)/mask/image_125_0_mask.png,mask,0,004a_Positive X (Fish Front),"[66, 152, 253, 330]"
125,004a_Positive X (Fish Front)/mask_full/image_125_0_mask_full.png,mask_full,0,004a_Positive X (Fish Front),"[66, 152, 253, 330]"
125,004a_Positive X (Fish Front)/bbox-masked_image/image_125_0_bbox-masked.png,bbox-masked,0,004a_Positive X (Fish Front),"[66, 152, 253, 330]"
126,004a_Positive X (Fish Front)/cropped/image_126_0.png,cropped,0,004a_Positive X (Fish Front),"[74, 149, 241, 331]"
126,004a_Positive X (Fish Front)/mask/image_126_0_mask.png,mask,0,004a_Positive X (Fish Front),"[74, 149, 241, 331]"
126,004a_Positive X (Fish Front)/mask_full/image_126_0_mask_full.png,mask_full,0,004a_Positive X (Fish Front),"[74, 149, 241, 331]"
126,004a_Positive X (Fish Front)/bbox-masked_image/image_126_0_bbox-masked.png,bbox-masked,0,004a_Positive X (Fish Front),"[74, 149, 241, 331]"
127,004a_Positive X (Fish Front)/cropped/image_127_0.png,cropped,0,004a_Positive X (Fish Front),"[78, 146, 195, 332]"
127,004a_Positive X (Fish Front)/mask/image_127_0_mask.png,mask,0,004a_Positive X (Fish Front),"[78, 146, 195, 332]"
127,004a_Positive X (Fish Front)/mask_full/image_127_0_mask_full.png,mask_full,0,004a_Positive X (Fish Front),"[78, 146, 195, 332]"
127,004a_Positive X (Fish Front)/bbox-masked_image/image_127_0_bbox-masked.png,bbox-masked,0,004a_Positive X (Fish Front),"[78, 146, 195, 332]"
128,004a_Positive X (Fish Front)/cropped/image_128_0.png,cropped,0,004a_Positive X (Fish Front),"[59, 143, 209, 333]"
128,004a_Positive X (Fish Front)/mask/image_128_0_mask.png,mask,0,004a_Positive X (Fish Front),"[59, 143, 209, 333]"
128,004a_Positive X (Fish Front)/mask_full/image_128_0_mask_full.png,mask_full,0,004a_Positive X (Fish Front),"[59, 143, 209, 333]"
128,004a_Positive X (Fish Front)/bbox-masked_image/image_128_0_bbox-masked.png,bbox-masked,0,004a_Positive X (Fish Front),"[59, 143, 209, 333]"
129,004a_Positive X (Fish Front)/cropped/image_129_0.png,cropped,0,004a_Positive X (Fish Front),"[38, 145, 222, 333]"
129,004a_Positive X (Fish Front)/mask/image_129_0_mask.png,mask,0,004a_Positive X (Fish Front),"[38, 145, 222, 333]"
129,004a_Positive X (Fish Front)/mask_full/image_129_0_mask_full.png,mask_full,0,004a_Positive X (Fish Front),"[38, 145, 222, 333]"
129,004a_Positive X (Fish Front)/bbox-masked_image/image_129_0_bbox-masked.png,bbox-masked,0,004a_Positive X (Fish Front),"[38, 145, 222, 333]"
130,004a_Positive X (Fish Front)/cropped/image_130_0.png,cropped,0,004a_Positive X (Fish Front),"[20, 149, 177, 332]"
130,004a_Positive X (Fish Front)/mask/image_130_0_mask.png,mask,0,004a_Positive X (Fish Front),"[20, 149, 177, 332]"
130,004a_Positive X (Fish Front)/mask_full/image_130_0_mask_full.png,mask_full,0,004a_Positive X (Fish Front),"[20, 149, 177, 332]"
130,004a_Positive X (Fish Front)/bbox-masked_image/image_130_0_bbox-masked.png,bbox-masked,0,004a_Positive X (Fish Front),"[20, 149, 177, 332]"
131,004a_Positive X (Fish Front)/cropped/image_131_0.png,cropped,0,004a_Positive X (Fish Front),"[0, 152, 126, 330]"
131,004a_Positive X (Fish Front)/mask/image_131_0_mask.png,mask,0,004a_Positive X (Fish Front),"[0, 152, 126, 330]"
131,004a_Positive X (Fish Front)/mask_full/image_131_0_mask_full.png,mask_full,0,004a_Positive X (Fish Front),"[0, 152, 126, 330]"
131,004a_Positive X (Fish Front)/bbox-masked_image/image_131_0_bbox-masked.png,bbox-masked,0,004a_Positive X (Fish Front),"[0, 152, 126, 330]"
132,004a_Positive X (Fish Front)/cropped/image_132_0.png,cropped,0,004a_Positive X (Fish Front),"[0, 155, 100, 306]"
132,004a_Positive X (Fish Front)/mask/image_132_0_mask.png,mask,0,004a_Positive X (Fish Front),"[0, 155, 100, 306]"
132,004a_Positive X (Fish Front)/mask_full/image_132_0_mask_full.png,mask_full,0,004a_Positive X (Fish Front),"[0, 155, 100, 306]"
132,004a_Positive X (Fish Front)/bbox-masked_image/image_132_0_bbox-masked.png,bbox-masked,0,004a_Positive X (Fish Front),"[0, 155, 100, 306]"
134,004a_Positive X (Fish Front)/cropped/image_134_0.png,cropped,0,004a_Positive X (Fish Front),"[0, 160, 125, 301]"
134,004a_Positive X (Fish Front)/mask/image_134_0_mask.png,mask,0,004a_Positive X (Fish Front),"[0, 160, 125, 301]"
134,004a_Positive X (Fish Front)/mask_full/image_134_0_mask_full.png,mask_full,0,004a_Positive X (Fish Front),"[0, 160, 125, 301]"
134,004a_Positive X (Fish Front)/bbox-masked_image/image_134_0_bbox-masked.png,bbox-masked,0,004a_Positive X (Fish Front),"[0, 160, 125, 301]"
135,004a_Positive X (Fish Front)/cropped/image_135_0.png,cropped,0,004a_Positive X (Fish Front),"[0, 162, 143, 321]"
135,004a_Positive X (Fish Front)/mask/image_135_0_mask.png,mask,0,004a_Positive X (Fish Front),"[0, 162, 143, 321]"
135,004a_Positive X (Fish Front)/mask_full/image_135_0_mask_full.png,mask_full,0,004a_Positive X (Fish Front),"[0, 162, 143, 321]"
135,004a_Positive X (Fish Front)/bbox-masked_image/image_135_0_bbox-masked.png,bbox-masked,0,004a_Positive X (Fish Front),"[0, 162, 143, 321]"
136,004a_Positive X (Fish Front)/cropped/image_136_0.png,cropped,0,004a_Positive X (Fish Front),"[0, 163, 166, 326]"
136,004a_Positive X (Fish Front)/mask/image_136_0_mask.png,mask,0,004a_Positive X (Fish Front),"[0, 163, 166, 326]"
136,004a_Positive X (Fish Front)/mask_full/image_136_0_mask_full.png,mask_full,0,004a_Positive X (Fish Front),"[0, 163, 166, 326]"
136,004a_Positive X (Fish Front)/bbox-masked_image/image_136_0_bbox-masked.png,bbox-masked,0,004a_Positive X (Fish Front),"[0, 163, 166, 326]"
137,004a_Positive X (Fish Front)/cropped/image_137_0.png,cropped,0,004a_Positive X (Fish Front),"[0, 165, 192, 326]"
137,004a_Positive X (Fish Front)/mask/image_137_0_mask.png,mask,0,004a_Positive X (Fish Front),"[0, 165, 192, 326]"
137,004a_Positive X (Fish Front)/mask_full/image_137_0_mask_full.png,mask_full,0,004a_Positive X (Fish Front),"[0, 165, 192, 326]"
137,004a_Positive X (Fish Front)/bbox-masked_image/image_137_0_bbox-masked.png,bbox-masked,0,004a_Positive X (Fish Front),"[0, 165, 192, 326]"
138,004a_Positive X (Fish Front)/cropped/image_138_0.png,cropped,0,004a_Positive X (Fish Front),"[0, 168, 221, 325]"
138,004a_Positive X (Fish Front)/mask/image_138_0_mask.png,mask,0,004a_Positive X (Fish Front),"[0, 168, 221, 325]"
138,004a_Positive X (Fish Front)/mask_full/image_138_0_mask_full.png,mask_full,0,004a_Positive X (Fish Front),"[0, 168, 221, 325]"
138,004a_Positive X (Fish Front)/bbox-masked_image/image_138_0_bbox-masked.png,bbox-masked,0,004a_Positive X (Fish Front),"[0, 168, 221, 325]"
139,004a_Positive X (Fish Front)/cropped/image_139_0.png,cropped,0,004a_Positive X (Fish Front),"[0, 171, 247, 324]"
139,004a_Positive X (Fish Front)/mask/image_139_0_mask.png,mask,0,004a_Positive X (Fish Front),"[0, 171, 247, 324]"
139,004a_Positive X (Fish Front)/mask_full/image_139_0_mask_full.png,mask_full,0,004a_Positive X (Fish Front),"[0, 171, 247, 324]"
139,004a_Positive X (Fish Front)/bbox-masked_image/image_139_0_bbox-masked.png,bbox-masked,0,004a_Positive X (Fish Front),"[0, 171, 247, 324]"
140,004a_Positive X (Fish Front)/cropped/image_140_0.png,cropped,0,004a_Positive X (Fish Front),"[17, 172, 266, 323]"
140,004a_Positive X (Fish Front)/mask/image_140_0_mask.png,mask,0,004a_Positive X (Fish Front),"[17, 172, 266, 323]"
140,004a_Positive X (Fish Front)/mask_full/image_140_0_mask_full.png,mask_full,0,004a_Positive X (Fish Front),"[17, 172, 266, 323]"
140,004a_Positive X (Fish Front)/bbox-masked_image/image_140_0_bbox-masked.png,bbox-masked,0,004a_Positive X (Fish Front),"[17, 172, 266, 323]"
141,004a_Positive X (Fish Front)/cropped/image_141_0.png,cropped,0,004a_Positive X (Fish Front),"[67, 173, 284, 323]"
141,004a_Positive X (Fish Front)/mask/image_141_0_mask.png,mask,0,004a_Positive X (Fish Front),"[67, 173, 284, 323]"
141,004a_Positive X (Fish Front)/mask_full/image_141_0_mask_full.png,mask_full,0,004a_Positive X (Fish Front),"[67, 173, 284, 323]"
141,004a_Positive X (Fish Front)/bbox-masked_image/image_141_0_bbox-masked.png,bbox-masked,0,004a_Positive X (Fish Front),"[67, 173, 284, 323]"
142,004a_Positive X (Fish Front)/cropped/image_142_0.png,cropped,0,004a_Positive X (Fish Front),"[96, 174, 301, 323]"
142,004a_Positive X (Fish Front)/mask/image_142_0_mask.png,mask,0,004a_Positive X (Fish Front),"[96, 174, 301, 323]"
142,004a_Positive X (Fish Front)/mask_full/image_142_0_mask_full.png,mask_full,0,004a_Positive X (Fish Front),"[96, 174, 301, 323]"
142,004a_Positive X (Fish Front)/bbox-masked_image/image_142_0_bbox-masked.png,bbox-masked,0,004a_Positive X (Fish Front),"[96, 174, 301, 323]"
143,004a_Positive X (Fish Front)/cropped/image_143_0.png,cropped,0,004a_Positive X (Fish Front),"[107, 174, 316, 322]"
143,004a_Positive X (Fish Front)/mask/image_143_0_mask.png,mask,0,004a_Positive X (Fish Front),"[107, 174, 316, 322]"
143,004a_Positive X (Fish Front)/mask_full/image_143_0_mask_full.png,mask_full,0,004a_Positive X (Fish Front),"[107, 174, 316, 322]"
143,004a_Positive X (Fish Front)/bbox-masked_image/image_143_0_bbox-masked.png,bbox-masked,0,004a_Positive X (Fish Front),"[107, 174, 316, 322]"
144,004a_Positive X (Fish Front)/cropped/image_144_0.png,cropped,0,004a_Positive X (Fish Front),"[101, 175, 334, 322]"
144,004a_Positive X (Fish Front)/mask/image_144_0_mask.png,mask,0,004a_Positive X (Fish Front),"[101, 175, 334, 322]"
144,004a_Positive X (Fish Front)/mask_full/image_144_0_mask_full.png,mask_full,0,004a_Positive X (Fish Front),"[101, 175, 334, 322]"
144,004a_Positive X (Fish Front)/bbox-masked_image/image_144_0_bbox-masked.png,bbox-masked,0,004a_Positive X (Fish Front),"[101, 175, 334, 322]"
145,004a_Positive X (Fish Front)/cropped/image_145_0.png,cropped,0,004a_Positive X (Fish Front),"[102, 175, 347, 323]"
145,004a_Positive X (Fish Front)/mask/image_145_0_mask.png,mask,0,004a_Positive X (Fish Front),"[102, 175, 347, 323]"
145,004a_Positive X (Fish Front)/mask_full/image_145_0_mask_full.png,mask_full,0,004a_Positive X (Fish Front),"[102, 175, 347, 323]"
145,004a_Positive X (Fish Front)/bbox-masked_image/image_145_0_bbox-masked.png,bbox-masked,0,004a_Positive X (Fish Front),"[102, 175, 347, 323]"
146,004a_Positive X (Fish Front)/cropped/image_146_0.png,cropped,0,004a_Positive X (Fish Front),"[119, 176, 363, 322]"
146,004a_Positive X (Fish Front)/mask/image_146_0_mask.png,mask,0,004a_Positive X (Fish Front),"[119, 176, 363, 322]"
146,004a_Positive X (Fish Front)/mask_full/image_146_0_mask_full.png,mask_full,0,004a_Positive X (Fish Front),"[119, 176, 363, 322]"
146,004a_Positive X (Fish Front)/bbox-masked_image/image_146_0_bbox-masked.png,bbox-masked,0,004a_Positive X (Fish Front),"[119, 176, 363, 322]"
147,004a_Positive X (Fish Front)/cropped/image_147_0.png,cropped,0,004a_Positive X (Fish Front),"[144, 177, 382, 322]"
147,004a_Positive X (Fish Front)/mask/image_147_0_mask.png,mask,0,004a_Positive X (Fish Front),"[144, 177, 382, 322]"
147,004a_Positive X (Fish Front)/mask_full/image_147_0_mask_full.png,mask_full,0,004a_Positive X (Fish Front),"[144, 177, 382, 322]"
147,004a_Positive X (Fish Front)/bbox-masked_image/image_147_0_bbox-masked.png,bbox-masked,0,004a_Positive X (Fish Front),"[144, 177, 382, 322]"
148,004a_Positive X (Fish Front)/cropped/image_148_0.png,cropped,0,004a_Positive X (Fish Front),"[161, 179, 403, 322]"
148,004a_Positive X (Fish Front)/mask/image_148_0_mask.png,mask,0,004a_Positive X (Fish Front),"[161, 179, 403, 322]"
148,004a_Positive X (Fish Front)/mask_full/image_148_0_mask_full.png,mask_full,0,004a_Positive X (Fish Front),"[161, 179, 403, 322]"
148,004a_Positive X (Fish Front)/bbox-masked_image/image_148_0_bbox-masked.png,bbox-masked,0,004a_Positive X (Fish Front),"[161, 179, 403, 322]"
149,004a_Positive X (Fish Front)/cropped/image_149_0.png,cropped,0,004a_Positive X (Fish Front),"[226, 181, 420, 322]"
149,004a_Positive X (Fish Front)/mask/image_149_0_mask.png,mask,0,004a_Positive X (Fish Front),"[226, 181, 420, 322]"
149,004a_Positive X (Fish Front)/mask_full/image_149_0_mask_full.png,mask_full,0,004a_Positive X (Fish Front),"[226, 181, 420, 322]"
149,004a_Positive X (Fish Front)/bbox-masked_image/image_149_0_bbox-masked.png,bbox-masked,0,004a_Positive X (Fish Front),"[226, 181, 420, 322]"
150,004a_Positive X (Fish Front)/cropped/image_150_0.png,cropped,0,004a_Positive X (Fish Front),"[260, 182, 429, 321]"
150,004a_Positive X (Fish Front)/mask/image_150_0_mask.png,mask,0,004a_Positive X (Fish Front),"[260, 182, 429, 321]"
150,004a_Positive X (Fish Front)/mask_full/image_150_0_mask_full.png,mask_full,0,004a_Positive X (Fish Front),"[260, 182, 429, 321]"
150,004a_Positive X (Fish Front)/bbox-masked_image/image_150_0_bbox-masked.png,bbox-masked,0,004a_Positive X (Fish Front),"[260, 182, 429, 321]"
